Country,Other names,ISO 3166-1 alpha-3 CODE,Population,Continent,Total Cases,Total Deaths,cases,deaths,test
0.0,0.017857142857142856,0.004464285714285714,0.028111398077589635,0.2,0.0021728746585783355,0.007608443378541631,0.006301407256818982,0.030225898822780782,0.23764839667526227
0.004464285714285714,0.02232142857142857,0.017857142857142856,0.001995028953095198,0.4,0.0033464342102402923,0.00346352291459619,0.13697587046628404,0.193445752465797,0.07024418548123319
0.008928571428571428,0.026785714285714284,0.2544642857142857,0.031428591713902415,0.0,0.003246494146174789,0.0068179428736925,0.008424863692199388,0.024180719058224626,0.14253229961422373
0.013392857142857142,0.03125,0.02232142857142857,5.327226866026305e-05,0.4,0.0004890452603122194,0.00015175229264983306,0.7421408406186472,0.3141902640789055,0.021059669395430657
0.017857142857142856,0.03571428571428571,0.008928571428571428,0.024076185608240392,0.0,0.001212049734056667,0.0018845055949979269,0.004098931806590186,0.008749602290804964,0.10552340712953585
0.02232142857142857,0.040178571428571425,0.013392857142857142,1.0026936476927805e-05,0.6000000000000001,3.297936580422957e-05,8.92660544999018e-06,0.25457196836365986,0.0940184537066497,0.018363664623012442
0.026785714285714284,0.04464285714285714,0.040178571428571425,6.8464828245974e-05,0.6000000000000001,9.15455385717999e-05,0.0001338990817498527,0.10834656303203144,0.21619471842188992,0.09925642837099298
0.03125,0.049107142857142856,0.03125,0.0319045529913939,0.6000000000000001,0.11047443597555891,0.12702063632811028,0.282847845295136,0.44368437798281896,0.07803485646079822
0.03571428571428571,0.05357142857142857,0.03571428571428571,0.0020649528006456033,0.2,0.00516346407780315,0.008546728795840598,0.20420093817121268,0.4610244988864142,0.11233987293712897
0.040178571428571425,0.05803571428571428,0.0,7.41702884973966e-05,0.6000000000000001,0.0004160605430285354,0.0002102711505997687,0.45481620895500946,0.31355392936684695,0.03429940589932753
0.04464285714285714,0.0625,0.04464285714285714,0.018075833238403866,1.0,0.05719537241457016,0.006331938799193034,0.2584625773129225,0.03897550111358575,0.007513666520649273
0.049107142857142856,0.06696428571428571,0.049107142857142856,0.006319328728340014,0.4,0.047499988727875156,0.01585464312423256,0.6139691251158348,0.2795100222717149,0.022653694800938894
0.05357142857142857,0.07142857142857142,0.05357142857142857,0.007154996625145921,0.2,0.009678264719858493,0.00961792144983942,0.11047720301421625,0.14985682468978684,0.06744649314622889
0.05803571428571428,0.07589285714285714,0.08928571428571427,0.0002772254789505475,0.6000000000000001,0.00040682289925380487,0.0007815738993991403,0.11962904164302082,0.31355392936684695,0.13038505244753248
0.0625,0.08035714285714285,0.09375,0.0012534990661244717,0.2,0.006796755255629735,0.0014590040685483951,0.44273491993937086,0.1296531975819281,0.014569018116460148
0.06696428571428571,0.08482142857142856,0.08035714285714285,0.11641632932710279,0.2,0.023848871365822654,0.028884511546068227,0.016721860251280467,0.02768055997454661,0.08220025538499
0.07142857142857142,0.08928571428571427,0.1294642857142857,0.00019952853236301197,0.6000000000000001,0.0007323765276799214,0.00037194189374959086,0.29900220534886895,0.20712694877505566,0.034467487585243144
0.07589285714285714,0.09375,0.10714285714285714,0.006560776969632621,0.4,0.011795359161728304,0.0067881875221925325,0.1468431903568068,0.11533566656061088,0.03905875575867468
0.08035714285714285,0.09821428571428571,0.0625,0.00811292478149437,0.4,0.047056349663683175,0.030574615511266365,0.4737735889718189,0.41998090995863824,0.04409799563301735
0.08482142857142856,0.10267857142857142,0.11160714285714285,0.000284477499664667,0.6000000000000001,0.0007000081171517984,0.0006506503527992843,0.20061060147837395,0.25437480114540245,0.06308312594737261
0.08928571428571427,0.10714285714285714,0.06696428571428571,0.008808199587888048,0.0,0.00032931711292693265,0.00016167074314982216,0.003041513716982623,0.002068087814190264,0.033317868832247216
0.09375,0.11160714285714285,0.11607142857142856,4.242967091504857e-05,0.8,0.00015350862267452244,0.00012695616639986034,0.29171808888920814,0.32914412981228125,0.0561258136232572
0.09821428571428571,0.11607142857142856,0.13839285714285712,0.0005458642819089699,0.2,0.0003841198011936869,1.1902140599986906e-05,0.05741521618884108,0.0023862551702195354,0.002102910336945372
0.10267857142857142,0.12053571428571427,0.12053571428571427,0.008303146160237305,0.6000000000000001,0.011027095121129886,0.02171743921477611,0.1084701200370671,0.2914412981228126,0.13366669360193906
0.10714285714285714,0.125,0.09821428571428571,0.0022540403129576677,0.4,0.0045906201918201614,0.01559081234093285,0.1663192224528939,0.7706013363028953,0.230500790141754
0.11160714285714285,0.1294642857142857,0.14285714285714285,0.001691005458148837,0.0,0.0037332422146488476,0.0026640958042970695,0.18027685389384157,0.17546929685014317,0.04843267337042271
0.11607142857142856,0.13392857142857142,0.125,0.1495173080232873,0.6000000000000001,0.3665709051293862,0.6548845393177296,0.2002657912317628,0.4880687241489023,0.12125032858265825
0.12053571428571427,0.13839285714285712,0.9598214285714285,2.0688893736831774e-05,0.6000000000000001,7.519637538318961e-05,6.149439309993236e-05,0.28913344874898533,0.32246261533566656,0.05549377128744584
0.125,0.14285714285714285,0.13392857142857142,0.0003084832306202386,0.2,0.001661468435160618,0.0002112629956497676,0.43917331743374977,0.0762010817690105,0.00862987164928332
0.1294642857142857,0.14732142857142858,0.08482142857142856,0.004763406919877471,0.4,0.0139380648487725,0.0362697897883601,0.238990855344918,0.8483932548520522,0.1766112522353536
0.13392857142857142,0.15178571428571427,0.07589285714285714,0.015218990762567355,0.0,0.0002547927883474602,0.0003788848090995832,0.00135481692730969,0.002704422526248807,0.1009195783747626
0.13839285714285712,0.15625,0.05803571428571428,0.008691134826611477,0.0,0.0004706555065014134,3.769011189995854e-05,0.004410697737901112,0.00047725103404390706,0.005434870503382382
0.14732142857142858,0.1607142857142857,0.20089285714285712,0.00039306813786688327,0.0,0.0006837689259128872,0.00039772986504956246,0.14189372660857574,0.11263124403436207,0.03947728479406598
0.15178571428571427,0.16517857142857142,0.4821428571428571,0.011896659988760785,0.2,0.0016586946982070944,0.003029094782696668,0.011375864719446582,0.028316894686605153,0.12394225689698106
0.15625,0.16964285714285712,0.17410714285714285,0.019245854167639766,0.0,0.0014607085314320178,0.0019112854113478976,0.006186470507948595,0.011135857461024499,0.08880441118965231
0.1607142857142857,0.17410714285714285,0.15178571428571427,0.02662406615617059,0.8,0.04275739952067626,0.03738263993445888,0.13117587477641213,0.15653833916640153,0.05933825255619196
0.14285714285714285,0.18303571428571427,0.14732142857142858,0.0034571212300897824,0.0,0.00017898545768816406,0.0001120784906498767,0.004216741974182333,0.003658924594336621,0.04249629539096355
0.16517857142857142,0.0,0.07142857142857142,1.795635901096169e-05,0.6000000000000001,0.00010475439164122271,3.2730886649963993e-05,0.46221382545417977,0.19694559338211898,0.021203671579175954
0.16964285714285712,0.17857142857142855,0.21875,4.6041091079064004e-05,0.6000000000000001,0.00025177466928349404,2.3804281199973813e-05,0.441370046046535,0.056951956729239576,0.006416499352058569
0.17410714285714285,0.1875,0.875,0.011984413052211339,0.0,8.92850040502058e-05,0.0001894424045497916,0.0005962343847651339,0.0017499204581609927,0.14398439844427377
0.17857142857142855,0.3883928571428571,0.33035714285714285,0.00012218452949292922,0.4,0.0008435459497202625,0.0001547278277998298,0.5614056764386849,0.1404708876869233,0.012448860111500988
0.18303571428571427,0.1919642857142857,0.1607142857142857,0.013480397652876758,0.6000000000000001,0.042603768706946515,0.056287206587438084,0.2581522480909724,0.4653197581928094,0.08966805430100891
0.1875,0.19642857142857142,0.16517857142857142,1.0000000000000002,0.2,0.0018907477311778701,0.00460017734189494,0.00014223422672710425,0.00047725103404390706,0.1651255863690509
0.1919642857142857,0.20089285714285712,0.1919642857142857,0.03601097671913693,0.6000000000000001,0.0743645597747706,0.13852107968284763,0.16867973593281949,0.42857142857142855,0.12642296689150867
0.19642857142857142,0.20535714285714285,0.19642857142857142,0.0006261318815566934,0.0,9.887700188507805e-05,0.00015869520799982544,0.012877226001566015,0.02815781100859052,0.10891584117582234
0.20089285714285712,0.20982142857142855,0.18303571428571427,0.0039983270717910335,0.0,0.00029411386991767536,0.00038186034424957994,0.005995388162951576,0.01065860642698059,0.08811446414249315
0.20535714285714285,0.21428571428571427,0.1875,1.1663122411182585e-05,1.0,2.5867846390349763e-05,0.0,0.1729611298282414,0.0,0.0
0.20982142857142855,0.21875,0.20535714285714285,0.0035952611778333108,0.6000000000000001,0.01025631394479391,0.008240248675390936,0.2329925937632447,0.2553293032134903,0.05452864268726887
0.21428571428571427,0.2232142857142857,0.40178571428571425,0.002820872091813506,0.4,0.013474362013313179,0.015473774625032978,0.39011831301586847,0.6111994909322304,0.0779406197347764
0.21875,0.22767857142857142,0.20982142857142855,0.007860437322235998,0.6000000000000001,0.013349934861781326,0.008444568755690711,0.13871859892103128,0.11963092586700605,0.042931308423010864
0.2232142857142857,0.23214285714285712,0.21428571428571427,0.00011426413898316087,0.6000000000000001,0.0004969510215850377,0.0002648226283497087,0.353548312944033,0.25707922367165126,0.03616654463175965
0.22767857142857142,0.23660714285714285,0.2232142857142857,0.0008489685946935395,0.2,0.005375954322832995,0.0009392772623489667,0.5169395217194538,0.12313076678332803,0.011858054596643705
0.23214285714285712,0.24107142857142855,0.22767857142857142,0.007463896023653472,0.4,0.046806872186237844,0.03939608538595666,0.512238608690655,0.5881323576201082,0.05712412077452497
0.24107142857142855,0.2544642857142857,0.24553571428571427,0.004048504829983708,0.4,0.03567278657715618,0.005715011178093713,0.7196908201455388,0.1573337575564747,0.010873167886950821
0.24553571428571427,0.2589285714285714,0.23660714285714285,0.0007033452674604746,0.0,0.00019048363598448862,0.00018745871444979378,0.02209515326097107,0.029748647788736874,0.06678767063754305
0.25,0.26339285714285715,0.24107142857142855,4.967196483380518e-05,0.6000000000000001,0.00014528516465812878,6.248623814993126e-05,0.23628265819965952,0.1385618835507477,0.029187895180060458
0.2544642857142857,0.26785714285714285,0.25,0.007668555440570399,0.6000000000000001,0.007064219256403645,0.0043393220937452265,0.07523472239183375,0.06299713649379574,0.04169012133137482
0.23660714285714285,0.25,0.17857142857142855,0.06553257392568912,0.0,0.0010599707467282336,0.0013260968318485414,0.001308842227761535,0.0022271714922048997,0.08490876895321564
0.2589285714285714,0.27232142857142855,0.2589285714285714,0.012583088274771932,0.6000000000000001,0.010507074428319066,0.035132143516011356,0.0681962832328834,0.31116767419662744,0.2269334561277799
0.26339285714285715,0.27678571428571425,0.26339285714285715,0.07344497456783798,0.0,0.0061738619134281015,0.02421788058582336,0.006854540360757721,0.036748329621380846,0.2662285060290452
0.26785714285714285,0.28125,0.8035714285714285,0.004545674689992841,0.6000000000000001,0.001974228660105064,0.004086401605995505,0.03546229715459711,0.10022271714922049,0.1404808411254168
0.27232142857142855,0.2857142857142857,0.36160714285714285,0.0010301947720391105,0.0,0.0001943082160129154,0.00018150764414980034,0.015387157255023097,0.01956729239580019,0.06339465438963279
0.27678571428571425,0.2901785714285714,0.26785714285714285,0.002523077914525968,0.0,0.00011885523941376103,0.00010216004014988762,0.0038345772841882953,0.004454342984409799,0.05833030811699306
0.28125,0.29464285714285715,0.28125,0.0009221641193413566,0.4,0.006826875350741787,0.002447873583397307,0.6043848369694054,0.29557747375119314,0.02433562069689377
0.2857142857142857,0.29910714285714285,0.8526785714285714,0.0008200980765143364,0.0,0.0008535045207207987,0.001382631999698479,0.08494831438074235,0.18771874005727013,0.10994380254202661
0.2901785714285714,0.30357142857142855,0.2857142857142857,0.08333386211203601,0.0,0.0057407557181961945,0.007442805255191812,0.005614660182318418,0.01002227171492205,0.08799193273708289
0.29464285714285715,0.30803571428571425,0.30803571428571425,3.361511000299321e-05,0.4,0.0004183332966556516,2.777166139996945e-05,1.0,0.0905186127903277,0.004505499373903801
0.29910714285714285,0.3125,0.29910714285714285,1.981487169636786e-06,0.6000000000000001,1.4907308736998917e-06,0.0,0.048309352259584645,0.0,0.0
0.30357142857142855,0.3169642857142857,0.29464285714285715,0.0006301657225478964,1.0,0.0007871669968411535,0.0008271987716990901,0.1019417127012291,0.1461979000954502,0.07132018399049955
0.30803571428571425,0.3214285714285714,0.2901785714285714,0.0038594416346600506,0.4,0.010870421750125132,0.0031520835688965327,0.2300415927359975,0.09099586382437162,0.019680087887411844
0.3125,0.32589285714285715,0.30357142857142855,0.045525268004633274,0.4,0.3176704847176197,0.1413438706951445,0.5700072553822725,0.3460069996818326,0.03019786856547459
0.3169642857142857,0.33035714285714285,0.3839285714285714,0.0002163649203650485,0.6000000000000001,0.0009662135500569282,0.00039078694969957013,0.3638538291896241,0.20076360165447024,0.027449701656733227
0.3214285714285714,0.33482142857142855,0.7455357142857142,0.000196582702910256,1.0,0.0008836490540438941,0.0006407319022992951,0.36615256416703185,0.36223353483932547,0.049211513151920086
0.32589285714285715,0.33928571428571425,0.3169642857142857,0.0016096505417337638,0.0,0.0005814461362705684,0.0003005290501496694,0.029485586213336974,0.020839961819917277,0.03507874408904693
0.33035714285714285,0.34375,0.3526785714285714,0.0017609758553627645,0.0,0.0001464704178937754,0.00036202344324960174,0.006779831473991969,0.02290804963410754,0.16773617602612237
0.33482142857142855,0.3482142857142857,0.32589285714285715,0.0027616852368015188,0.2,0.020152005428313188,0.016619355657781717,0.5959614099865669,0.6705377028316895,0.055972130739877564
0.33928571428571425,0.3526785714285714,0.23214285714285712,0.0585359531512681,0.4,0.2644993280774969,0.12949826526300753,0.36910787532236167,0.24657970092268533,0.0332288682848339
0.34375,0.3571428571428571,0.33482142857142855,0.022376497595687994,0.0,0.001966909415897308,0.0014332160972484235,0.0071677430014295265,0.007158765510658607,0.0494539303279394
0.3482142857142857,0.36160714285714285,0.33928571428571425,2.2835736427637408e-05,0.4,0.00020745597355472756,0.0001001763500498898,0.724421904070916,0.47709195036589247,0.032771013535067756
0.3526785714285714,0.36607142857142855,0.36607142857142855,0.007179156595285104,0.4,0.03760686325651553,0.027458238364169794,0.42787647172915155,0.42618517340120904,0.04955433035890648
0.3571428571428571,0.37053571428571425,0.375,3.900236509183039e-05,0.8,0.0001462626930998992,2.0828746049977087e-05,0.3020279152628819,0.058701877187400574,0.009664279267777645
0.36160714285714285,0.375,0.37053571428571425,7.825276346541405e-05,0.6000000000000001,0.00017134851673683262,0.00021622222089976215,0.17760601119196595,0.30575882914412983,0.08563774014664892
0.36607142857142855,0.3794642857142857,0.3482142857142857,0.0002775186723536284,0.6000000000000001,0.0015970859681645134,0.0008361253771490803,0.4691631886327555,0.33503022589882275,0.03553169954163241
0.37053571428571425,0.3839285714285714,0.3794642857142857,0.01284957467687077,0.6000000000000001,0.01015094859787658,0.017183715491231096,0.06451830726903102,0.14906140629971365,0.11489102789576935
0.375,0.39285714285714285,0.34375,0.00955662924662654,0.0,0.00044548414912582503,0.00043641182199951993,0.0037943494220836595,0.005090677696468342,0.06648574378424996
0.3794642857142857,0.39732142857142855,0.3571428571428571,0.0014232865321233035,0.0,9.958571000536161e-05,0.0001686136584998145,0.0057008627439712085,0.013203945275214762,0.11489963156647248
0.3839285714285714,0.40178571428571425,0.3883928571428571,0.0005505303645987597,0.6000000000000001,0.0007731150254907037,0.0012160020312986623,0.11459050191441522,0.2459433662106268,0.10674794307844032
0.3883928571428571,0.40625,0.40625,0.00809062888220937,0.6000000000000001,0.0003732692354900352,0.0008262069266490911,0.003755558269339904,0.01145402481705377,0.15022029508440862
0.39285714285714285,0.4151785714285714,0.39732142857142855,0.007072418216828418,0.6000000000000001,0.005144988790253689,0.010791274143988129,0.0594093687817423,0.17006045179764556,0.14235196095343391
0.39732142857142855,0.004464285714285714,0.39285714285714285,0.005282101483253546,0.2,0.01431371680983935,0.008105357748591084,0.2213322605903439,0.17101495386573337,0.03843223045535886
0.40178571428571425,0.4196428571428571,0.4107142857142857,0.006681338513842145,0.4,0.02265662880181736,0.045138868225450345,0.27697888755594186,0.7527839643652561,0.13521701207159864
0.40625,0.42410714285714285,0.4419642857142857,0.00023922011038341167,0.4,0.002221787737983423,0.0001001763500498898,0.7569317634889051,0.046611517658288255,0.003060105778906268
0.4107142857142857,0.42857142857142855,0.42410714285714285,0.975287412403842,0.2,0.5257764169332805,0.5171361069288312,0.044026521654801844,0.05902004454342984,0.06675440697086664
0.4151785714285714,0.43303571428571425,0.4151785714285714,0.19355329457880238,0.2,0.07355877086111373,0.15402163412423056,0.031032922195004562,0.08860960865415209,0.1421095891173026
0.4196428571428571,0.9330357142857142,0.43303571428571425,0.059662677335259456,0.2,0.08758221060016935,0.13917073819059692,0.11990345313094888,0.2599427298759147,0.10784702273088512
0.42410714285714285,0.4375,0.4375,0.02904200158145048,0.2,0.028351489559672434,0.024967715443622536,0.07973305940074853,0.09576837416481068,0.05976940470120308
0.42857142857142855,0.4419642857142857,0.42857142857142855,0.0034971497720923963,0.4,0.01797685801610774,0.006730660509292596,0.41984382969247236,0.21444479796372892,0.025410885228848067
0.43303571428571425,0.4464285714285714,0.4196428571428571,5.906665961214622e-05,0.4,0.00034720588341133134,8.331498419990835e-05,0.47569303267795443,0.15574292077632834,0.016285344481751066
0.4375,0.4508928571428571,0.4464285714285714,0.006478875963135032,0.2,0.04818179037779898,0.010444128376488511,0.6074464646174402,0.1796054724785237,0.01471178433375676
0.4419642857142857,0.45535714285714285,0.4508928571428571,0.04189843503859427,0.4,0.18141110898267868,0.15848096946902568,0.35368480033331656,0.4215717467387846,0.05929108590592488
0.4464285714285714,0.24553571428571427,0.16964285714285712,0.019120203425142167,0.0,0.00099903406748937,0.0007895086597991315,0.004255533126926088,0.004613426662424435,0.05363490072156383
0.4508928571428571,0.45982142857142855,0.45535714285714285,0.002072494540907317,0.6000000000000001,0.0015739429823055989,0.0028694077296468434,0.06200981272493481,0.15431116767419661,0.1237303067484226
0.45535714285714285,0.46428571428571425,0.46428571428571425,0.08740072001532727,0.2,0.08130397308737121,0.02801763897236918,0.0759789378407695,0.03579382755329303,0.023388151239364215
0.45982142857142855,0.46875,0.45982142857142855,0.0072114717885649595,0.2,0.020641893806906435,0.013888806235134723,0.2337971510053374,0.21460388164174354,0.04566582576673361
0.46428571428571425,0.4732142857142857,0.46875,0.013318086618656489,0.2,0.015948217679112628,0.013548603382985096,0.09780686316061693,0.11342666242443525,0.05765782227054014
0.46875,0.4776785714285714,0.4732142857142857,0.03879793425460449,0.0,0.003952306338449598,0.0056019408423938375,0.008308490233968121,0.016067451479478204,0.09619727495009868
0.4732142857142857,0.4821428571428571,0.48660714285714285,8.465855298296355e-05,1.0,3.746377753085138e-05,1.2893985649985816e-05,0.035911987184552505,0.016862869869551385,0.023351252723999676
0.4776785714285714,0.48660714285714285,0.5,0.0030433079220271823,0.2,0.00769222018471353,0.0025331722576972136,0.2064292743899373,0.0927457842825326,0.022350565641794384
0.4821428571428571,0.49107142857142855,0.4776785714285714,0.004663139639421485,0.2,0.002455636979465952,0.0029666085445467366,0.04300071117113364,0.07095132039452752,0.08199174137190457
0.48660714285714285,0.49553571428571425,0.5044642857142857,0.005182667928114378,0.2,0.0022429267905367083,0.0006734627889492592,0.035337303440200564,0.014476614699331848,0.0203785056156148
0.49107142857142855,0.5,0.5491071428571428,0.001284557418489224,0.4,0.009806235411991764,0.005596981617143843,0.6233364701487714,0.4853643016226535,0.038737110020653324
0.49553571428571425,0.5044642857142857,0.5089285714285714,0.004704388199471042,0.2,0.013355409021055241,0.010230881690738746,0.2318733971711193,0.24228444161629017,0.0519914183128071
0.5,0.5089285714285714,0.5357142857142857,0.0015084682477425702,0.0,0.00040211854362778474,0.0006913159998492395,0.02175608985180343,0.05106586064269806,0.11667706706586381
0.5044642857142857,0.5133928571428571,0.5133928571428571,0.003657860053704375,0.0,9.040916175824179e-05,0.0002916024446996792,0.002005646267788258,0.008908685968819599,0.21887502991626903
0.5089285714285714,0.5178571428571428,0.5178571428571428,0.004887038657566177,0.0,0.00613077734735707,0.006366653375942996,0.10245605465242409,0.14508431434934776,0.07048082664199454
0.5133928571428571,0.5223214285714285,0.5267857142857143,2.606433771701404e-05,0.4,0.0002007354655175559,8.331498419990835e-05,0.6159503473244881,0.34871142220808143,0.028167529925371432
0.5178571428571428,0.5267857142857143,0.5401785714285714,0.0018446214320857943,0.4,0.012597470124623023,0.008834363860340281,0.5577075865437802,0.5335666560610881,0.047595699864315784
0.5223214285714285,0.53125,0.5446428571428571,0.00044673503651044004,0.4,0.0026512770779807794,0.0010285433168488686,0.48419835209436307,0.2562838052815781,0.026329442326765307
0.5267857142857143,0.008928571428571428,0.5535714285714285,0.00046134398837437856,0.2,9.897475472925512e-07,0.0,0.00016378486714030188,0.0,0.0
0.53125,0.5357142857142857,0.5758928571428571,0.02010353519189405,0.0,0.0007826214895869211,0.0013766809293984856,0.003166507431379169,0.007636016544702513,0.11938532330405682
0.5357142857142857,0.5401785714285714,0.6428571428571428,0.013891148409942248,0.0,0.0010467252363422445,0.0026045851012971347,0.00614193251776132,0.020839961819917277,0.16887951771127058
0.5401785714285714,0.5446428571428571,0.6473214285714285,0.022990688446394566,0.2,0.0518880161501384,0.0348127694099117,0.18435136164129678,0.16878778237352848,0.04553523658727902
0.5446428571428571,0.5491071428571428,0.5803571428571428,0.00038656994379338645,0.2,0.002162683924572879,0.00029556982489967486,0.45635061455242915,0.08510976773783009,0.009275573741947173
0.5491071428571428,0.5535714285714285,0.5982142857142857,0.014777920889584692,0.0,0.00037260940379184017,0.0007220631963992057,0.0020473108392537733,0.005408845052497614,0.1315174408310867
0.5535714285714285,0.5580357142857143,0.6026785714285714,0.0003076425575924474,0.4,0.0009970179150782185,0.0006357726770493007,0.26425538945599,0.22987591473114857,0.043278257619814554
0.5580357142857143,0.5625,0.5892857142857143,4.104985551571524e-05,1.0,7.331463313278157e-08,0.0,0.00015516461097502283,0.0,0.0
0.5625,0.5669642857142857,0.6339285714285714,0.00025981034662442,0.6000000000000001,0.0017279525883065285,0.0009015871504490082,0.5421322203624819,0.3859370028635062,0.0354118823593108
0.5669642857142857,0.5714285714285714,0.625,0.003378420339266579,0.0,0.0007168827018778603,0.0009739918390989286,0.0173180946360456,0.03213490295895641,0.09220957224717316
0.5714285714285714,0.5758928571428571,0.6383928571428571,0.0008855955374035367,0.0,0.00044754917795906507,0.0009601060083989438,0.041245052332138474,0.1207445116131085,0.1455937591992147
0.5758928571428571,0.5803571428571428,0.6517857142857143,0.00019698497537562056,0.0,0.0004507628027113853,0.00018547502434979597,0.18639579906182882,0.10467706013363029,0.027925553312030532
0.5803571428571428,0.5848214285714285,0.5848214285714285,0.09122563361076241,0.6000000000000001,0.06922581494743872,0.32057622230024735,0.06197676840963458,0.3916640152720331,0.3142963560949585
0.5848214285714285,0.5892857142857143,0.3125,8.082202698340734e-05,1.0,0.0,0.0,0.0,0.0,0.0
0.5892857142857143,0.71875,0.5714285714285714,0.0027907183314175013,0.4,0.006283039621268335,0.011352658442287512,0.18386862729604117,0.4532293986636971,0.12263180527595904
0.59375,0.59375,0.5669642857142857,2.7043270193177516e-05,0.4,0.00013246732296541414,5.3559632699941084e-05,0.3920636174904998,0.21619471842188992,0.027438790554840588
0.5982142857142857,0.5982142857142857,0.6160714285714285,0.002341293141218129,0.2,0.005725982819619939,0.002159246673847625,0.19972558851207198,0.10276805599745466,0.02559337056530714
0.6026785714285714,1.0,0.6116071428571428,0.00043589938647619903,0.4,0.002851022795951043,0.0026829408602470485,0.53360535030566,0.6850143175310213,0.06386820952175738
0.6071428571428571,0.6026785714285714,0.6294642857142857,2.9124804400832424e-06,0.6000000000000001,2.126124360850665e-06,1.983690099997818e-06,0.05030206814312499,0.06363347120585428,0.06296113592115965
0.6116071428571428,0.6071428571428571,0.5625,0.02617587418466901,0.0,0.01421723475263661,0.01592903150298248,0.04435552809844333,0.06776964683423481,0.07604139165529432
0.6160714285714285,0.6116071428571428,0.6205357142857143,0.02277893680611591,0.0,0.002752536805442673,0.0021820591099975997,0.00985869963435747,0.01065860642698059,0.05380314233663481
0.6205357142857143,0.6160714285714285,0.6071428571428571,0.03824543629825804,0.2,0.007476552972247931,0.019274524856628797,0.01595609416193151,0.0561565383391664,0.1749676461473155
0.625,0.6205357142857143,0.65625,0.0018207338122167719,0.0,0.001926280890036225,0.003986225255945615,0.08638646045098307,0.24387527839643652,0.1404480320145313
0.6294642857142857,0.625,0.6919642857142857,0.020879998864410537,0.2,0.011956077056660883,0.011853540192536961,0.04676201627791706,0.063315303849825,0.06728761270302748
0.6339285714285714,0.6294642857142857,0.6830357142857143,0.011950368573670184,0.4,0.09663723984287159,0.021836460620775978,0.6605501160142809,0.2036271078587337,0.015336062420339422
0.6383928571428571,0.6339285714285714,0.6607142857142857,0.00020113414836898342,1.0,0.0007367265292457998,0.0003084638105496607,0.29838298361432974,0.17037861915367483,0.02841625882147364
0.6428571428571428,0.6383928571428571,0.6964285714285714,0.003474755215311575,1.0,0.008470503891840094,0.00034714576749961815,0.19909487310264573,0.011135857461024499,0.0027814944258797375
0.6473214285714285,0.6428571428571428,0.6741071428571428,0.004697837897565244,0.6000000000000001,0.00022523477208942708,0.0002221732911997556,0.0039035393335105275,0.005249761374482978,0.06694359682619527
0.6517857142857143,0.6473214285714285,0.6651785714285714,0.017881955279375583,0.0,0.00010765031964996759,0.00030548827539966393,0.000478424217172987,0.0019090041361756282,0.19257775654303985
0.65625,0.6517857142857143,0.6696428571428571,0.1494289685730306,0.0,0.003121578230422051,0.003116377147096572,0.0016938803364773324,0.0023862551702195354,0.06775639331907264
0.6607142857142857,0.65625,0.6785714285714285,5.836077217724056e-07,1.0,7.331463313278157e-08,0.0,0.006100267946295804,0.0,0.0
0.6651785714285714,0.8839285714285714,0.59375,0.0014468045337685369,0.4,0.003747220871366165,0.009152746121389931,0.2114836179215126,0.7047406936048362,0.16577418459526533
0.6696428571428571,0.6607142857142857,0.6875,0.0038175198414171635,0.4,0.01721313948276355,0.002497465835897253,0.36827458389305134,0.07286032453070315,0.009847258825543208
0.6741071428571428,0.6651785714285714,0.7008928571428571,0.0037052212098684003,0.2,0.004746719264865375,0.004216333307545362,0.10462404907799178,0.12678969137766466,0.060285999121420956
0.6785714285714285,0.6696428571428571,0.7053571428571428,0.15868343631125165,0.2,0.018639817805316438,0.030113407563016874,0.00958285143706854,0.021158129175946547,0.10964634191561093
0.6830357142857143,0.6741071428571428,0.7232142857142857,1.2116807937750896e-05,1.0,4.937740541492838e-05,5.951070299993453e-06,0.318275661425072,0.052338530066815145,0.008177782392395307
0.6875,0.8482142857142857,0.9732142857142857,0.0036878991768693175,0.2,0.007102171798155381,0.0053073628625441615,0.15728375728232058,0.1603563474387528,0.05071810909497974
0.6919642857142857,0.6785714285714285,0.7098214285714285,0.0030798049425419752,0.6000000000000001,0.00935020617480034,0.008103374058491085,0.24795304833808646,0.2931912185809736,0.058819364091896094
0.6964285714285714,0.6830357142857143,0.7276785714285714,0.006421619877002575,1.0,0.0005156706912449413,0.0006347808319993017,0.006547084557529435,0.010976773783009862,0.0835443833593239
0.7008928571428571,0.6875,0.7410714285714285,0.005061467889266391,0.6000000000000001,0.007922281503484199,0.018578249631529563,0.1278355255123665,0.40900413617562836,0.15915857675024103
0.7053571428571428,0.6919642857142857,0.7142857142857142,0.023465852126666298,0.6000000000000001,0.043360204653399514,0.21059647577616833,0.15093062848850994,1.0,0.32963691906386455
0.7098214285714285,0.6964285714285714,0.71875,0.07790681122951383,0.2,0.04496000326298994,0.05885906080208525,0.0471298138743023,0.08415526566974228,0.08885115314344724
0.7142857142857142,0.7008928571428571,0.7321428571428571,0.026243755405193213,0.4,0.07294341670701925,0.11440436729212415,0.22703743346239774,0.48584155265669743,0.10644680281435846
0.71875,0.7053571428571428,0.7366071428571428,0.0070476586592322235,0.4,0.04403903706068146,0.021516094669626333,0.5104096776742549,0.3401209035952911,0.033159021388551174
0.7232142857142857,0.7098214285714285,0.75,0.0019502224702561217,0.2,0.004421092321806126,0.0006714790988492613,0.18512431127745016,0.0383391664015272,0.01030808303497286
0.7410714285714285,0.7366071428571428,0.7544642857142857,0.0006292486246993969,0.0,0.004117154291048658,0.0007032181404492264,0.5340119390547889,0.12440343620744511,0.011592252340432485
0.7276785714285714,0.7232142857142857,0.7589285714285714,0.013209157626929863,0.4,0.0349477781701061,0.06455919430442898,0.2161083853541848,0.544543429844098,0.12537604689629234
0.7321428571428571,0.7276785714285714,0.7633928571428571,0.10146659779808379,0.4,0.21868368195031976,0.3666930497449966,0.17604718153541132,0.40264078905504297,0.11380529519351357
0.7366071428571428,0.7321428571428571,0.7678571428571428,0.009388494641068298,0.0,0.0015851479020693923,0.0014461100828984093,0.013779479480198555,0.017181037225580655,0.061916216335023665
0.7455357142857142,0.7142857142857142,0.49553571428571425,0.03567345553050303,0.2,0.16953049712172247,0.017094449436731194,0.3881974326003721,0.053452115812917596,0.006843581484620565
0.75,0.7455357142857142,0.7901785714285714,3.6850659003343316e-06,0.0,1.221910552213026e-08,0.0,0.0004568735767597894,0.0,0.0
0.7544642857142857,0.75,0.49107142857142855,3.685969102760884e-05,0.6000000000000001,6.779159743677868e-05,4.264933714995308e-05,0.1480112350672021,0.12694877505567928,0.04269080444702855
0.7589285714285714,0.7544642857142857,0.5223214285714285,0.00012804006030137902,0.6000000000000001,0.0002805873201046772,0.00036202344324960174,0.17823241647330956,0.3137130130448616,0.0875640689184081
0.7633928571428571,0.7589285714285714,0.5580357142857143,2.7106494363036192e-05,0.6000000000000001,0.0001234862804066484,6.248623814993126e-05,0.36464832946619063,0.25167037861915365,0.03433988935093969
0.7678571428571428,0.9955357142857142,0.8169642857142857,3.431474449802275e-06,0.8,2.390057040128679e-05,9.91845049998909e-07,0.4894782589955965,0.02768055997454661,0.002815073763951342
0.7723214285714285,0.7678571428571428,0.9821428571428571,0.00013889655346854045,1.0,2.7908437012545513e-05,9.91845049998909e-07,0.016342568980008187,0.0007954183900731785,0.0024109844086135203
0.7767857142857142,0.7723214285714285,0.8080357142857142,2.3101833757921734e-05,0.4,0.00018548602182593733,0.0001120784906498767,0.6404232545777153,0.5278396436525612,0.04100706352318785
0.78125,0.7767857142857142,0.8303571428571428,0.0001566542079456606,0.0,7.263036322354225e-05,7.240468864992035e-05,0.037733734654148136,0.05138402799872733,0.06764747781808371
0.7857142857142857,0.78125,0.7723214285714285,0.02484636299186807,0.2,0.009177464680033985,0.008974214012390128,0.030160839612950498,0.04024817053770283,0.06636656119508735
0.7901785714285714,0.7857142857142857,0.78125,0.012168877557641648,0.0,0.0010498411082503877,0.001948975523247856,0.007034129030867701,0.017817371937639197,0.12599518504823284
0.7946428571428571,0.7901785714285714,0.8214285714285714,0.006027109394337597,0.4,0.02420263890889937,0.015695947916232734,0.32799500025142414,0.29016862869869553,0.044015009644865696
0.7991071428571428,0.7946428571428571,0.8616071428571428,6.850998836730162e-05,0.0,0.0004938962452045051,0.00016266258819982107,0.5841487856214128,0.26248806872414887,0.022352052162083438
0.8035714285714285,0.7991071428571428,0.7991071428571428,0.005738821075203976,0.0,9.375719667130548e-05,0.00012398063124986362,0.0013217726120094535,0.0023862551702195354,0.08973643787031102
0.8080357142857142,0.8035714285714285,0.7857142857142857,0.004120049578504226,0.2,0.013560066819445401,0.0012655942837986078,0.26881406825806176,0.034202990773146674,0.006334443630430325
0.8125,0.8080357142857142,0.8571428571428571,2.9821659811472574e-05,0.6000000000000001,0.00011931956542360198,8.529867429990616e-05,0.32085455472785135,0.3129175946547884,0.048513469987384816
0.8169642857142857,0.8125,0.8392857142857142,0.0037958589629151418,0.4,0.021083895510958454,0.019258655335828816,0.4536654047569447,0.5652243079860007,0.06199419807765122
0.8214285714285714,0.8169642857142857,0.84375,0.001444174130393977,0.4,0.01190007689605296,0.006447984670042907,0.6728612785276603,0.4972955774737512,0.036774770855442646
0.8258928571428571,0.8214285714285714,0.7946428571428571,0.0004971406796230448,1.0,0.00014014092123331193,0.00013191539164985488,0.022991659902160094,0.02958956411072224,0.0638805770642564
0.8303571428571428,0.8258928571428571,0.8125,0.011580427976091824,0.0,0.00032257216667871676,0.0013370071273985293,0.0022628172433857494,0.012885777919185491,0.28129795382137696
0.8348214285714285,0.8303571428571428,0.9910714285714285,0.04211474993544031,0.0,0.04549115556093142,0.09923409725239084,0.08822544843290926,0.2626471524021635,0.14805055182436713
0.8392857142857142,0.8348214285714285,0.8258928571428571,0.007936115958785737,0.0,0.0002111094861058445,0.00013687461689984945,0.0021608108787632804,0.0019090041361756282,0.0440013726405937
0.84375,0.8392857142857142,0.27678571428571425,0.03250533614946385,0.4,0.1411498894335908,0.10170478327193812,0.3547106108169848,0.34871142220808143,0.048903167702015866
0.8482142857142857,0.84375,0.53125,0.014985950641094856,0.2,0.008088925664595011,0.01634659826903202,0.0440796799011544,0.12153993000318167,0.13715513819406971
0.8526785714285714,0.7410714285714285,0.10267857142857142,6.339786263301428e-06,0.6000000000000001,5.069706881131845e-05,5.951070299993453e-06,0.6004238292614597,0.09608654152083997,0.007964962963043724
0.8571428571428571,0.7633928571428571,0.9508928571428571,7.694728857349697e-05,0.6000000000000001,8.24178667467686e-05,0.00010513557529988435,0.08686632137751694,0.15112949411390392,0.08656456205056565
0.8616071428571428,0.8526785714285714,0.7767857142857142,0.03170906107910648,0.0,0.0007570224635180581,0.004866983660344646,0.0019366842184660254,0.017181037225580655,0.43633525490591596
0.8660714285714285,0.8571428571428571,0.8348214285714285,0.00041340825651284627,0.6000000000000001,0.0009681319496239026,0.0013141946912485544,0.1910363702974707,0.3538020999045498,0.09212889611421475
0.8705357142857142,0.8616071428571428,0.8482142857142857,0.0070927110910397615,0.4,0.030399313892337288,0.01818151161153,0.35008440667495166,0.28555520203627105,0.04059216581066106
0.875,0.8660714285714285,0.15625,0.006089401181383633,0.4,0.042655369989566476,0.013603154860735036,0.5721637561329531,0.24896595609290487,0.021644222853751463
0.8794642857142857,0.8705357142857142,0.8660714285714285,0.012675109317073493,0.2,0.0006807263686378768,0.0031183608371965696,0.004374780003879116,0.02736239261851734,0.3109010516977066
0.8839285714285714,0.013392857142857142,0.9151785714285714,0.016599079206941942,0.2,0.0002970342361374645,0.0008460438276490693,0.0014482030357668796,0.005727012408526885,0.1933057088285405
0.8883928571428571,0.875,0.8883928571428571,0.006886315441150561,0.2,0.00021245358771327882,0.00012298878619986471,0.002507057834735322,0.002068087814190264,0.03928734327721624
0.8928571428571428,0.9419642857142857,0.9196428571428571,0.04356860361676254,0.0,0.0004131768341253126,0.0007934760399991272,0.0007614559612663156,0.002068087814190264,0.1303350440385258
0.8973214285714285,0.8794642857142857,0.8839285714285714,0.048707480817382166,0.2,0.04535235874130554,0.025210717480872266,0.07604933659945262,0.05774737511931276,0.03772779315461379
0.9017857142857142,0.8883928571428571,0.8928571428571428,0.0009459871254983257,0.2,0.000278974398175756,0.00012893985649985816,0.024064881794737335,0.015112949411390391,0.03136750705511658
0.90625,0.8928571428571428,0.8794642857142857,0.00598709752684132,0.0,0.0004514104153040582,0.0002697818535997032,0.00614624264584396,0.005090677696468342,0.04056071447241177
0.9107142857142857,0.8973214285714285,0.8973214285714285,7.433147539198137e-05,1.0,8.707334595070023e-05,8.92660544999018e-06,0.0949794191384054,0.013203945275214762,0.006956909553858846
0.9151785714285714,0.9017857142857142,0.9017857142857142,0.000977276836638495,0.6000000000000001,0.001691417462795359,0.003725370007795902,0.14129318209572797,0.42459433662106266,0.14948294972935292
0.9196428571428571,0.90625,0.90625,0.008361074784791995,0.0,0.01265756368558086,0.028092027351119098,0.12364751772540175,0.37432389436843777,0.15062904926965695
0.9241071428571428,0.9107142857142857,0.9107142857142857,0.059699484223683666,0.2,0.18200027759363924,0.0973565345727429,0.2490262702306637,0.18167356029271398,0.036305232297503084
0.9285714285714285,0.9151785714285714,0.8705357142857142,2.6977266938929446e-05,0.6000000000000001,7.22026945302677e-05,3.570642179996072e-05,0.21422054925398867,0.1444479796372892,0.033557965851057414
0.9330357142857142,0.9285714285714285,0.026785714285714284,0.007016327956597311,0.2,0.010901507154573432,0.002283227305097488,0.1269016644277946,0.03627107858733694,0.01421472005652195
0.9464285714285714,0.9196428571428571,0.9241071428571428,0.03353411080937998,0.0,0.0020031390637704244,0.0035656829547460775,0.004866134605300021,0.011772192173083042,0.12081063535031311
0.9375,0.9375,0.3214285714285714,0.04759841701991429,0.4,0.2592512100366364,0.16421978492831935,0.4449201548772691,0.38450524976137446,0.04299132785725144
0.9508928571428571,0.9241071428571428,0.9285714285714285,0.03006484775959294,0.4,0.06071526904680261,0.10709942849888218,0.16495578526941895,0.39691377664651606,0.11971962146010678
0.9553571428571428,0.9508928571428571,0.9330357142857142,0.002427530908905365,0.6000000000000001,0.010869040991201132,0.007107561628292181,0.3656640829843327,0.3261215399300032,0.044381820467162894
0.9419642857142857,0.9464285714285714,0.9375,0.23233131044081698,0.8,1.0,1.0,0.351598698341319,0.4796372892141266,0.06786974033961284
0.9598214285714285,0.9553571428571428,0.9419642857142857,0.023842703612349976,0.2,0.0029063386866497267,0.001623650346848214,0.009944902196010259,0.007636016544702513,0.03791583755799676
0.9642857142857142,0.9598214285714285,0.96875,0.00022155972385992027,1.0,5.017164727386685e-05,1.983690099997818e-06,0.018443038065614516,0.0009545020680878141,0.0026827851926071746
0.96875,0.4107142857142857,0.9464285714285714,0.0,0.4,3.421349546196473e-07,0.0,0.05174452434144835,0.0,0.0
0.9732142857142857,0.9642857142857142,0.9553571428571428,0.01965791595776595,0.6000000000000001,0.0063642233583573685,0.005639630954293796,0.026434015530828192,0.03197581928094177,0.060142382905179086
0.9776785714285714,0.96875,0.9642857142857142,0.06869264855219212,0.2,0.11997117366378063,0.04225259912995352,0.14265805598856382,0.06856506522430798,0.023903014259825037
0.9821428571428571,0.9732142857142857,0.9776785714285714,7.009545601144999e-06,1.0,5.535254801525008e-06,6.942915349992362e-06,0.05986049552105857,0.10229080496341075,0.08494206110193592
0.9866071428571428,0.9776785714285714,0.27232142857142855,0.00043230464081851994,0.0,1.0997194969917235e-07,9.91845049998909e-07,1.0056965526158886e-05,0.0003181673560292714,0.5509099392412832
0.9910714285714285,0.9821428571428571,0.9866071428571428,0.021520154700567205,0.2,0.0001442465406887477,0.002125523942147662,0.0005344558822473008,0.010976773783009862,1.0
0.9955357142857142,0.9866071428571428,0.9955357142857142,0.013397741430196352,0.0,0.003874372883429452,0.003934649313345672,0.023609444927338425,0.032771237671014954,0.06892542255741282
1.0,0.9910714285714285,1.0,0.01058886456137856,0.0,0.00301230276973764,0.005401588142294058,0.023224406818622628,0.05679287305122494,0.12170187723162289
