Sl_No,Customer Key,Avg_Credit_Limit,Total_Credit_Cards,Total_visits_bank,Total_visits_online,Total_calls_made
0.0,0.8558332768859085,0.49238578680203043,0.1111111111111111,0.2,0.06666666666666667,0.0
0.0015174506828528073,0.3064982275508591,0.23857868020304568,0.2222222222222222,0.0,0.6666666666666666,0.9
0.0030349013657056147,0.06859491070017384,0.23857868020304568,0.6666666666666665,0.2,0.2,0.4
0.004552352048558422,0.33000293526609314,0.13705583756345177,0.4444444444444445,0.2,0.06666666666666667,0.4
0.006069802731411229,0.4083632504685136,0.49238578680203043,0.5555555555555556,0.0,0.8,0.30000000000000004
0.007587253414264037,0.5347716137189822,0.08629441624365482,0.2222222222222222,0.0,0.06666666666666667,0.8
0.009104704097116844,0.4188963399489716,0.49238578680203043,0.4444444444444445,0.0,0.7333333333333333,0.2
0.010622154779969651,0.29477974214816316,0.06091370558375634,0.2222222222222222,0.0,0.06666666666666667,0.1
0.012139605462822459,0.804093567251462,0.010152284263959392,0.1111111111111111,0.0,0.13333333333333333,0.2
0.013657056145675266,0.3782541940436678,0.0,0.3333333333333333,0.0,0.06666666666666667,0.7000000000000001
0.015174506828528075,0.4682426787689946,0.03553299492385787,0.3333333333333333,0.0,0.3333333333333333,0.5
0.016691957511380882,0.463557542504911,0.05076142131979696,0.2222222222222222,0.0,0.13333333333333333,0.7000000000000001
0.018209408194233688,0.9171351802930751,0.04060913705583757,0.0,0.4,0.3333333333333333,0.9
0.019726858877086494,0.1560093928514981,0.030456852791878174,0.0,0.2,0.3333333333333333,0.6000000000000001
0.021244309559939306,0.6463455937140148,0.015228426395939085,0.1111111111111111,0.4,0.26666666666666666,0.6000000000000001
0.022761760242792112,0.4959583643794171,0.025380710659898477,0.1111111111111111,0.0,0.3333333333333333,0.7000000000000001
0.024279210925644917,0.5797376323692114,0.06091370558375634,0.1111111111111111,0.2,0.13333333333333333,0.4
0.025796661608497723,0.9618415407889093,0.025380710659898477,0.1111111111111111,0.0,0.2,0.4
0.027314112291350535,0.31466052518684096,0.04060913705583757,0.1111111111111111,0.4,0.13333333333333333,0.7000000000000001
0.02883156297420334,0.034365192259929095,0.08121827411167512,0.3333333333333333,0.2,0.3333333333333333,0.8
0.030349013657056147,0.20918286707760395,0.010152284263959392,0.2222222222222222,0.4,0.3333333333333333,0.5
0.03186646433990896,0.8577299103614894,0.06598984771573603,0.1111111111111111,0.0,0.2,0.7000000000000001
0.033383915022761765,0.21723226986384883,0.015228426395939085,0.3333333333333333,0.2,0.26666666666666666,0.6000000000000001
0.03490136570561457,0.5621711937501411,0.030456852791878174,0.0,0.2,0.2,0.4
0.036418816388467376,0.14378288062498587,0.025380710659898477,0.1111111111111111,0.0,0.13333333333333333,1.0
0.03793626707132018,0.6412653254758518,0.07614213197969542,0.0,0.2,0.3333333333333333,1.0
0.039453717754172994,0.6070243175506334,0.06598984771573603,0.2222222222222222,0.0,0.3333333333333333,0.9
0.0409711684370258,0.04051796157059315,0.030456852791878174,0.1111111111111111,0.4,0.13333333333333333,1.0
0.042488619119878605,0.7887398676872361,0.010152284263959392,0.1111111111111111,0.0,0.26666666666666666,0.6000000000000001
0.04400606980273142,0.20148343832554358,0.025380710659898477,0.3333333333333333,0.0,0.26666666666666666,0.7000000000000001
0.045523520485584223,0.030865451918083486,0.06598984771573603,0.2222222222222222,0.2,0.3333333333333333,0.4
0.04704097116843703,0.24029668766510873,0.04060913705583757,0.2222222222222222,0.2,0.3333333333333333,0.6000000000000001
0.048558421851289835,0.8004131951500373,0.015228426395939085,0.0,0.0,0.3333333333333333,1.0
0.05007587253414264,0.5673191988981463,0.06598984771573603,0.0,0.0,0.3333333333333333,0.6000000000000001
0.05159332321699545,0.19179706021811285,0.025380710659898477,0.3333333333333333,0.2,0.2,1.0
0.05311077389984826,0.22153356363882679,0.08121827411167512,0.1111111111111111,0.0,0.26666666666666666,0.4
0.054628224582701064,0.3965205807311071,0.030456852791878174,0.2222222222222222,0.2,0.26666666666666666,1.0
0.05614567526555388,0.7096683149314729,0.07106598984771573,0.1111111111111111,0.0,0.26666666666666666,0.6000000000000001
0.05766312594840668,0.46148027726975094,0.05076142131979696,0.3333333333333333,0.2,0.2,1.0
0.05918057663125949,0.297974666395719,0.03553299492385787,0.1111111111111111,0.4,0.26666666666666666,0.9
0.06069802731411229,0.8113414166045745,0.08121827411167512,0.3333333333333333,0.4,0.3333333333333333,0.9
0.0622154779969651,0.09995709995709995,0.03553299492385787,0.0,0.2,0.13333333333333333,0.7000000000000001
0.0637329286798179,0.46397525344893764,0.06598984771573603,0.3333333333333333,0.4,0.2,0.4
0.06525037936267072,0.4459798144008671,0.08629441624365482,0.1111111111111111,0.0,0.26666666666666666,0.4
0.06676783004552353,0.6461762514394094,0.04060913705583757,0.3333333333333333,0.4,0.26666666666666666,0.5
0.06828528072837634,0.9907764907764908,0.055837563451776644,0.3333333333333333,0.2,0.26666666666666666,0.9
0.06980273141122914,0.8135315766894715,0.010152284263959392,0.0,0.4,0.13333333333333333,0.5
0.07132018209408195,0.5732235995393891,0.04060913705583757,0.0,0.4,0.13333333333333333,0.6000000000000001
0.07283763277693475,0.29337984601142497,0.015228426395939085,0.3333333333333333,0.0,0.13333333333333333,0.8
0.07435508345978756,0.7153017679333469,0.055837563451776644,0.2222222222222222,0.4,0.13333333333333333,0.6000000000000001
0.07587253414264036,0.4506423716950033,0.05076142131979696,0.0,0.0,0.3333333333333333,0.9
0.07738998482549317,0.5535911851701326,0.015228426395939085,0.1111111111111111,0.2,0.3333333333333333,0.5
0.07890743550834599,0.9609722504459347,0.07106598984771573,0.1111111111111111,0.2,0.3333333333333333,0.8
0.0804248861911988,0.36827428932692086,0.030456852791878174,0.2222222222222222,0.0,0.3333333333333333,0.9
0.0819423368740516,0.7590823906613381,0.055837563451776644,0.1111111111111111,0.0,0.26666666666666666,0.9
0.0834597875569044,0.6452392241865926,0.015228426395939085,0.0,0.4,0.13333333333333333,0.4
0.08497723823975721,0.2434351644877961,0.015228426395939085,0.0,0.0,0.13333333333333333,0.5
0.08649468892261002,0.07532344374449637,0.015228426395939085,0.1111111111111111,0.0,0.13333333333333333,1.0
0.08801213960546282,0.6815123394070762,0.030456852791878174,0.0,0.0,0.26666666666666666,0.7000000000000001
0.08952959028831564,0.7936620831357674,0.08121827411167512,0.3333333333333333,0.2,0.26666666666666666,0.9
0.09104704097116845,0.20878773510352458,0.08629441624365482,0.3333333333333333,0.2,0.26666666666666666,0.7000000000000001
0.09256449165402125,0.2897333423649213,0.07614213197969542,0.0,0.4,0.13333333333333333,0.9
0.09408194233687406,0.6658876922034818,0.010152284263959392,0.0,0.0,0.13333333333333333,0.4
0.09559939301972686,0.9077649077649078,0.055837563451776644,0.2222222222222222,0.0,0.26666666666666666,0.6000000000000001
0.09711684370257967,0.5654903023324076,0.04568527918781726,0.0,0.0,0.3333333333333333,0.9
0.09863429438543247,0.5547427126374496,0.06598984771573603,0.0,0.2,0.26666666666666666,0.4
0.10015174506828528,0.8422294474926054,0.08121827411167512,0.1111111111111111,0.0,0.2,0.6000000000000001
0.10166919575113809,0.7331391541917858,0.030456852791878174,0.3333333333333333,0.4,0.13333333333333333,0.6000000000000001
0.1031866464339909,0.6238456501614397,0.02030456852791878,0.0,0.4,0.26666666666666666,1.0
0.10470409711684371,0.6542143647406805,0.08629441624365482,0.0,0.4,0.2,0.7000000000000001
0.10622154779969652,0.1209216735532525,0.055837563451776644,0.0,0.4,0.26666666666666666,0.7000000000000001
0.10773899848254932,0.2696380591117433,0.015228426395939085,0.2222222222222222,0.4,0.13333333333333333,0.7000000000000001
0.10925644916540213,0.17899478425794216,0.04060913705583757,0.2222222222222222,0.2,0.13333333333333333,0.6000000000000001
0.11077389984825493,0.08530334846124318,0.08121827411167512,0.2222222222222222,0.2,0.2,0.6000000000000001
0.11229135053110774,0.24748808959335275,0.02030456852791878,0.1111111111111111,0.0,0.3333333333333333,0.8
0.11380880121396056,0.9281875860823229,0.06598984771573603,0.2222222222222222,0.2,0.26666666666666666,0.6000000000000001
0.11532625189681336,0.890774232879496,0.07106598984771573,0.0,0.4,0.26666666666666666,0.6000000000000001
0.11684370257966617,0.6843234211655265,0.05076142131979696,0.2222222222222222,0.2,0.26666666666666666,0.4
0.11836115326251898,0.546309467362099,0.015228426395939085,0.1111111111111111,0.0,0.26666666666666666,1.0
0.11987860394537178,0.008591298064982267,0.06091370558375634,0.0,0.2,0.13333333333333333,0.7000000000000001
0.12139605462822459,0.9971324708166814,0.08629441624365482,0.1111111111111111,0.4,0.26666666666666666,0.8
0.12291350531107739,0.3127751811962338,0.02030456852791878,0.2222222222222222,0.2,0.3333333333333333,0.5
0.1244309559939302,0.5275011853959223,0.05076142131979696,0.0,0.2,0.13333333333333333,0.5
0.125948406676783,0.3181602655286866,0.05076142131979696,0.2222222222222222,0.2,0.26666666666666666,0.6000000000000001
0.1274658573596358,0.7725281672650094,0.030456852791878174,0.2222222222222222,0.4,0.26666666666666666,0.5
0.12898330804248861,0.7692429271376641,0.03553299492385787,0.0,0.2,0.26666666666666666,0.5
0.13050075872534142,0.40677143308722263,0.015228426395939085,0.3333333333333333,0.2,0.2,0.7000000000000001
0.13201820940819425,0.29684571789834946,0.010152284263959392,0.3333333333333333,0.2,0.13333333333333333,0.5
0.13353566009104706,0.30368714579240896,0.025380710659898477,0.0,0.2,0.26666666666666666,0.8
0.13505311077389986,0.4282440335071914,0.02030456852791878,0.3333333333333333,0.4,0.26666666666666666,0.8
0.13657056145675267,0.07611370769265505,0.05076142131979696,0.1111111111111111,0.2,0.26666666666666666,0.6000000000000001
0.13808801213960548,0.5458917564180722,0.05076142131979696,0.0,0.2,0.13333333333333333,1.0
0.13960546282245828,0.29071552755763286,0.010152284263959392,0.0,0.2,0.26666666666666666,0.6000000000000001
0.1411229135053111,0.9012847433900065,0.025380710659898477,0.0,0.4,0.3333333333333333,0.7000000000000001
0.1426403641881639,0.7161936372462688,0.08629441624365482,0.1111111111111111,0.4,0.26666666666666666,0.4
0.1441578148710167,0.16343787396418977,0.010152284263959392,0.0,0.4,0.3333333333333333,0.7000000000000001
0.1456752655538695,0.007586533902323361,0.07614213197969542,0.2222222222222222,0.4,0.2,0.6000000000000001
0.1471927162367223,0.46818623134412607,0.06091370558375634,0.1111111111111111,0.0,0.3333333333333333,0.4
0.14871016691957512,0.8701144753776333,0.05076142131979696,0.0,0.2,0.26666666666666666,0.9
0.15022761760242792,0.08637584953374428,0.010152284263959392,0.1111111111111111,0.2,0.26666666666666666,0.6000000000000001
0.15174506828528073,0.9171126013231278,0.04060913705583757,0.0,0.0,0.3333333333333333,0.6000000000000001
0.15326251896813353,0.9590191695454854,0.04060913705583757,0.0,0.2,0.3333333333333333,0.9
0.15477996965098634,0.1731129625866468,0.03553299492385787,0.3333333333333333,0.2,0.3333333333333333,1.0
0.15629742033383914,0.6970353812459076,0.05076142131979696,0.0,0.0,0.2,0.7000000000000001
0.15781487101669198,0.978459662670189,0.07106598984771573,0.1111111111111111,0.2,0.13333333333333333,1.0
0.15933232169954478,0.1673553252500621,0.04568527918781726,0.1111111111111111,0.2,0.26666666666666666,0.9
0.1608497723823976,0.041556594188173146,0.08629441624365482,0.1111111111111111,0.2,0.3333333333333333,0.5
0.1623672230652504,0.7172209803788752,0.010152284263959392,0.1111111111111111,0.4,0.13333333333333333,0.6000000000000001
0.1638846737481032,0.7018672808146492,0.025380710659898477,0.2222222222222222,0.4,0.13333333333333333,0.6000000000000001
0.165402124430956,0.34285036916615863,0.07614213197969542,0.3333333333333333,0.4,0.2,0.8
0.1669195751138088,0.8219196640249272,0.06091370558375634,0.3333333333333333,0.4,0.2,0.5
0.16843702579666162,0.8126058389216284,0.04568527918781726,0.1111111111111111,0.0,0.26666666666666666,0.9
0.16995447647951442,0.8582943846101742,0.07614213197969542,0.3333333333333333,0.2,0.2,1.0
0.17147192716236723,0.077005577005577,0.02030456852791878,0.3333333333333333,0.2,0.13333333333333333,0.4
0.17298937784522003,0.24954277585856535,0.07614213197969542,0.3333333333333333,0.0,0.2,0.6000000000000001
0.17450682852807284,0.045665966718598294,0.02030456852791878,0.1111111111111111,0.4,0.2,0.7000000000000001
0.17602427921092564,0.9848269321953532,0.07614213197969542,0.0,0.0,0.13333333333333333,0.7000000000000001
0.17754172989377845,0.2708460340039287,0.07106598984771573,0.3333333333333333,0.0,0.26666666666666666,0.7000000000000001
0.17905918057663125,0.8776671408250355,0.055837563451776644,0.2222222222222222,0.2,0.26666666666666666,0.5
0.1805766312594841,0.934001670843776,0.030456852791878174,0.2222222222222222,0.0,0.26666666666666666,0.9
0.1820940819423369,0.059969744180270484,0.03553299492385787,0.3333333333333333,0.4,0.26666666666666666,0.6000000000000001
0.1836115326251897,0.1600284495021337,0.05076142131979696,0.2222222222222222,0.0,0.3333333333333333,1.0
0.1851289833080425,0.7885818148976044,0.03553299492385787,0.1111111111111111,0.4,0.13333333333333333,0.4
0.1866464339908953,0.5915464336516968,0.07106598984771573,0.0,0.2,0.26666666666666666,0.8
0.18816388467374812,0.6609541872699768,0.010152284263959392,0.1111111111111111,0.4,0.2,0.7000000000000001
0.18968133535660092,0.28049854365643845,0.055837563451776644,0.1111111111111111,0.2,0.3333333333333333,0.5
0.19119878603945373,0.3182392919235024,0.08629441624365482,0.3333333333333333,0.2,0.26666666666666666,0.9
0.19271623672230653,0.6653345074397706,0.015228426395939085,0.2222222222222222,0.4,0.2,0.9
0.19423368740515934,0.0038045564361353923,0.025380710659898477,0.3333333333333333,0.2,0.3333333333333333,0.4
0.19575113808801214,0.43387748650906544,0.030456852791878174,0.2222222222222222,0.2,0.26666666666666666,0.6000000000000001
0.19726858877086495,0.19684346000135475,0.07614213197969542,0.2222222222222222,0.2,0.3333333333333333,0.6000000000000001
0.19878603945371776,0.5685610422452528,0.030456852791878174,0.2222222222222222,0.0,0.13333333333333333,0.5
0.20030349013657056,0.2578292578292578,0.04568527918781726,0.3333333333333333,0.0,0.13333333333333333,0.6000000000000001
0.20182094081942337,0.03367653367653367,0.03553299492385787,0.2222222222222222,0.2,0.3333333333333333,0.9
0.20333839150227617,0.22568809410914673,0.05076142131979696,0.3333333333333333,0.2,0.3333333333333333,0.7000000000000001
0.20485584218512898,0.3874325453272822,0.06091370558375634,0.2222222222222222,0.4,0.2,0.6000000000000001
0.2063732928679818,0.46834428413375784,0.07106598984771573,0.2222222222222222,0.0,0.13333333333333333,0.8
0.20789074355083462,0.9510487931540564,0.06091370558375634,0.1111111111111111,0.0,0.3333333333333333,0.8
0.20940819423368742,0.14087019350177246,0.06091370558375634,0.0,0.2,0.3333333333333333,0.9
0.21092564491654023,0.4757953442163969,0.08121827411167512,0.0,0.0,0.2,1.0
0.21244309559939303,0.4813046128835603,0.055837563451776644,0.2222222222222222,0.0,0.13333333333333333,0.8
0.21396054628224584,0.6201878570299624,0.06598984771573603,0.1111111111111111,0.0,0.26666666666666666,0.5
0.21547799696509864,0.5320056899004267,0.030456852791878174,0.3333333333333333,0.2,0.26666666666666666,0.8
0.21699544764795145,0.565399986452618,0.030456852791878174,0.1111111111111111,0.2,0.3333333333333333,0.4
0.21851289833080426,0.5406082774503828,0.03553299492385787,0.3333333333333333,0.4,0.26666666666666666,0.8
0.22003034901365706,0.2995890627469575,0.05076142131979696,0.2222222222222222,0.0,0.26666666666666666,0.4
0.22154779969650987,0.5555555555555556,0.05076142131979696,0.1111111111111111,0.2,0.2,0.9
0.22306525037936267,0.9508455824245298,0.010152284263959392,0.1111111111111111,0.4,0.3333333333333333,0.6000000000000001
0.22458270106221548,0.7506717243559349,0.02030456852791878,0.0,0.4,0.13333333333333333,1.0
0.22610015174506828,0.14115243062611485,0.055837563451776644,0.1111111111111111,0.2,0.13333333333333333,0.7000000000000001
0.2276176024279211,0.8603264919054393,0.04060913705583757,0.2222222222222222,0.4,0.13333333333333333,0.9
0.22913505311077392,0.8404118404118405,0.08121827411167512,0.0,0.2,0.26666666666666666,0.4
0.23065250379362673,0.9786402944297682,0.06091370558375634,0.2222222222222222,0.4,0.13333333333333333,0.6000000000000001
0.23216995447647953,0.49131838605522815,0.02030456852791878,0.3333333333333333,0.0,0.26666666666666666,0.6000000000000001
0.23368740515933234,0.9680281785544943,0.025380710659898477,0.3333333333333333,0.4,0.2,1.0
0.23520485584218515,0.26911874280295334,0.08121827411167512,0.0,0.2,0.26666666666666666,0.5
0.23672230652503795,0.08240195082300344,0.04568527918781726,0.2222222222222222,0.4,0.3333333333333333,0.7000000000000001
0.23823975720789076,0.561584140531509,0.07106598984771573,0.0,0.4,0.3333333333333333,0.8
0.23975720789074356,0.14438122332859174,0.03553299492385787,0.2222222222222222,0.4,0.3333333333333333,0.9
0.24127465857359637,0.5925399083293821,0.025380710659898477,0.0,0.4,0.13333333333333333,0.4
0.24279210925644917,0.4684346000135474,0.02030456852791878,0.0,0.0,0.2,1.0
0.24430955993930198,0.7587437061121272,0.025380710659898477,0.2222222222222222,0.4,0.3333333333333333,0.5
0.24582701062215478,0.781142044299939,0.025380710659898477,0.1111111111111111,0.0,0.2,0.4
0.2473444613050076,0.5477432319537583,0.06598984771573603,0.2222222222222222,0.0,0.3333333333333333,1.0
0.2488619119878604,0.5980717559664929,0.05076142131979696,0.3333333333333333,0.0,0.26666666666666666,0.8
0.2503793626707132,0.2383097383097383,0.055837563451776644,0.0,0.0,0.26666666666666666,0.9
0.251896813353566,0.9739551581656846,0.05076142131979696,0.3333333333333333,0.0,0.26666666666666666,0.7000000000000001
0.2534142640364188,0.2466187992503782,0.06091370558375634,0.3333333333333333,0.4,0.2,0.6000000000000001
0.2549317147192716,0.29028652712863234,0.030456852791878174,0.0,0.2,0.26666666666666666,0.9
0.2564491654021244,0.4856284856284857,0.055837563451776644,0.2222222222222222,0.2,0.26666666666666666,0.7000000000000001
0.25796661608497723,0.9859897491476438,0.02030456852791878,0.1111111111111111,0.2,0.13333333333333333,0.8
0.25948406676783003,0.9756598703967126,0.015228426395939085,0.1111111111111111,0.4,0.2,0.7000000000000001
0.26100151745068284,0.1984352773826458,0.08629441624365482,0.1111111111111111,0.0,0.3333333333333333,0.6000000000000001
0.26251896813353565,0.3064530696109643,0.030456852791878174,0.1111111111111111,0.2,0.3333333333333333,0.8
0.26403641881638845,0.3047709363498837,0.07106598984771573,0.3333333333333333,0.2,0.13333333333333333,0.7000000000000001
0.2655538694992413,0.10452934137144662,0.015228426395939085,0.0,0.0,0.13333333333333333,0.5
0.2670713201820941,0.2981101402154034,0.04060913705583757,0.1111111111111111,0.4,0.13333333333333333,0.5
0.2685887708649469,0.15878660615502718,0.055837563451776644,0.2222222222222222,0.0,0.26666666666666666,0.8
0.27010622154779973,0.344577660367134,0.015228426395939085,0.0,0.2,0.26666666666666666,0.7000000000000001
0.27162367223065254,0.0016595542911332362,0.08121827411167512,0.1111111111111111,0.4,0.2,0.4
0.27314112291350534,0.5038158459211091,0.03553299492385787,0.0,0.0,0.2,0.5
0.27465857359635815,0.9509133193343721,0.05076142131979696,0.2222222222222222,0.0,0.13333333333333333,1.0
0.27617602427921095,0.34637268847795166,0.04060913705583757,0.2222222222222222,0.0,0.2,0.7000000000000001
0.27769347496206376,0.8483483483483484,0.06598984771573603,0.0,0.4,0.3333333333333333,0.8
0.27921092564491656,0.7389306599832915,0.055837563451776644,0.3333333333333333,0.0,0.13333333333333333,0.4
0.28072837632776937,0.9901329901329902,0.07614213197969542,0.2222222222222222,0.0,0.26666666666666666,0.4
0.2822458270106222,0.7437286910971121,0.030456852791878174,0.0,0.4,0.13333333333333333,0.6000000000000001
0.283763277693475,0.30413872519135676,0.06598984771573603,0.1111111111111111,0.4,0.2,0.8
0.2852807283763278,0.48077400708979656,0.07106598984771573,0.1111111111111111,0.0,0.2,0.5
0.2867981790591806,0.4687168371378898,0.015228426395939085,0.2222222222222222,0.4,0.2,0.5
0.2883156297420334,0.5886337465284834,0.08629441624365482,0.2222222222222222,0.0,0.26666666666666666,1.0
0.2898330804248862,0.4204768678452889,0.03553299492385787,0.1111111111111111,0.2,0.2,0.6000000000000001
0.291350531107739,0.9731310257626048,0.08629441624365482,0.2222222222222222,0.0,0.2,0.5
0.2928679817905918,0.07767165661902503,0.015228426395939085,0.1111111111111111,0.4,0.3333333333333333,0.8
0.2943854324734446,0.035369956422588,0.04568527918781726,0.1111111111111111,0.0,0.26666666666666666,0.4
0.2959028831562974,0.9824448508659035,0.025380710659898477,0.1111111111111111,0.2,0.26666666666666666,0.8
0.29742033383915023,0.6597462123777914,0.055837563451776644,0.1111111111111111,0.0,0.13333333333333333,0.8
0.29893778452200304,0.200873806136964,0.04568527918781726,0.0,0.2,0.13333333333333333,0.7000000000000001
0.30045523520485584,0.048330285172390436,0.08121827411167512,0.0,0.2,0.26666666666666666,0.7000000000000001
0.30197268588770865,0.06152769310664047,0.02030456852791878,0.3333333333333333,0.4,0.26666666666666666,0.9
0.30349013657056145,0.8589604642236222,0.025380710659898477,0.2222222222222222,0.0,0.13333333333333333,0.9
0.30500758725341426,0.022014495698706227,0.04060913705583757,0.0,0.0,0.2,0.8
0.30652503793626706,0.10530831583463163,0.010152284263959392,0.0,0.0,0.2,0.8
0.30804248861911987,0.5120797489218543,0.030456852791878174,0.1111111111111111,0.0,0.2,0.7000000000000001
0.3095599393019727,0.24895572263993318,0.07106598984771573,0.1111111111111111,0.4,0.3333333333333333,0.5
0.3110773899848255,0.9972114972114973,0.07106598984771573,0.0,0.0,0.3333333333333333,0.5
0.3125948406676783,0.6905213484160853,0.07106598984771573,0.1111111111111111,0.2,0.13333333333333333,0.4
0.3141122913505311,0.06108740319266634,0.08121827411167512,0.3333333333333333,0.4,0.26666666666666666,0.4
0.31562974203338395,0.32989004041635617,0.04060913705583757,0.1111111111111111,0.0,0.2,0.9
0.31714719271623676,0.8996929260087155,0.030456852791878174,0.0,0.0,0.13333333333333333,0.9
0.31866464339908956,0.6316128158233422,0.06598984771573603,0.3333333333333333,0.2,0.26666666666666666,0.6000000000000001
0.32018209408194237,0.3721127142179774,0.03553299492385787,0.2222222222222222,0.2,0.3333333333333333,0.4
0.3216995447647952,0.9368692000270947,0.03553299492385787,0.2222222222222222,0.2,0.2,0.4
0.323216995447648,0.5702431755063334,0.025380710659898477,0.0,0.0,0.13333333333333333,1.0
0.3247344461305008,0.49685023369233894,0.06091370558375634,0.3333333333333333,0.2,0.26666666666666666,0.9
0.3262518968133536,0.08290997764681976,0.025380710659898477,0.3333333333333333,0.0,0.26666666666666666,0.7000000000000001
0.3277693474962064,0.48784122468333,0.04060913705583757,0.2222222222222222,0.2,0.3333333333333333,0.4
0.3292867981790592,0.009675088622457029,0.04060913705583757,0.3333333333333333,0.0,0.13333333333333333,0.5
0.330804248861912,0.19127774390932287,0.08121827411167512,0.2222222222222222,0.2,0.3333333333333333,0.7000000000000001
0.3323216995447648,0.6405427984375354,0.05076142131979696,0.1111111111111111,0.2,0.3333333333333333,0.8
0.3338391502276176,0.7718282191966402,0.025380710659898477,0.0,0.0,0.2,1.0
0.3353566009104704,0.7061121271647588,0.02030456852791878,0.1111111111111111,0.4,0.3333333333333333,0.6000000000000001
0.33687405159332323,0.6957370904739326,0.08629441624365482,0.3333333333333333,0.2,0.2,1.0
0.33839150227617604,0.4573144573144573,0.08629441624365482,0.1111111111111111,0.4,0.26666666666666666,1.0
0.33990895295902884,0.9584546952968006,0.04568527918781726,0.3333333333333333,0.2,0.3333333333333333,0.9
0.34142640364188165,0.5641242746505905,0.06598984771573603,0.3333333333333333,0.2,0.13333333333333333,0.5
0.34294385432473445,0.5033303980672402,0.025380710659898477,0.0,0.4,0.26666666666666666,0.8
0.34446130500758726,0.5067962699541647,0.025380710659898477,0.1111111111111111,0.4,0.2,0.8
0.34597875569044007,0.4919167287588341,0.03553299492385787,0.6666666666666665,0.4,0.0,0.0
0.34749620637329287,0.2708234550339813,0.025380710659898477,0.6666666666666665,0.4,0.06666666666666667,0.4
0.3490136570561457,0.3993090835196099,0.07106598984771573,0.3333333333333333,1.0,0.0,0.2
0.3505311077389985,0.9772178193230826,0.08121827411167512,0.5555555555555556,0.6000000000000001,0.13333333333333333,0.30000000000000004
0.3520485584218513,0.8112623902097587,0.08629441624365482,0.4444444444444445,0.8,0.06666666666666667,0.0
0.3535660091047041,0.2734087470929576,0.05076142131979696,0.6666666666666665,0.4,0.06666666666666667,0.0
0.3550834597875569,0.04362256993835942,0.06598984771573603,0.5555555555555556,1.0,0.0,0.4
0.3566009104704097,0.8131251552304184,0.05076142131979696,0.6666666666666665,0.8,0.0,0.0
0.3581183611532625,0.5105217999954842,0.025380710659898477,0.6666666666666665,1.0,0.13333333333333333,0.30000000000000004
0.3596358118361153,0.23299239088712773,0.025380710659898477,0.5555555555555556,0.8,0.0,0.4
0.3611532625189681,0.3911129174287069,0.08121827411167512,0.4444444444444445,0.4,0.13333333333333333,0.0
0.362670713201821,0.03384587595113911,0.06598984771573603,0.4444444444444445,0.4,0.0,0.0
0.3641881638846738,0.4013186118449277,0.08629441624365482,0.3333333333333333,0.4,0.13333333333333333,0.1
0.3657056145675266,0.7971844024475604,0.03553299492385787,0.3333333333333333,1.0,0.06666666666666667,0.30000000000000004
0.3672230652503794,0.27415385310122153,0.025380710659898477,0.3333333333333333,0.6000000000000001,0.13333333333333333,0.4
0.3687405159332322,0.8414504730294204,0.04568527918781726,0.5555555555555556,0.8,0.13333333333333333,0.1
0.370257966616085,0.31449118291223555,0.010152284263959392,0.6666666666666665,0.6000000000000001,0.13333333333333333,0.4
0.3717754172989378,0.793266951161688,0.03553299492385787,0.3333333333333333,0.4,0.06666666666666667,0.0
0.3732928679817906,0.6626927679559259,0.02030456852791878,0.3333333333333333,1.0,0.0,0.1
0.3748103186646434,0.08275192485718802,0.08121827411167512,0.6666666666666665,0.6000000000000001,0.06666666666666667,0.2
0.37632776934749623,0.374054505633453,0.04060913705583757,0.5555555555555556,1.0,0.06666666666666667,0.0
0.37784522003034904,0.23806136964031702,0.030456852791878174,0.5555555555555556,1.0,0.13333333333333333,0.0
0.37936267071320184,0.33454130822551875,0.07614213197969542,0.5555555555555556,0.6000000000000001,0.06666666666666667,0.4
0.38088012139605465,0.17878028404344196,0.07614213197969542,0.5555555555555556,0.4,0.06666666666666667,0.2
0.38239757207890746,0.2505362505362505,0.030456852791878174,0.3333333333333333,1.0,0.0,0.4
0.38391502276176026,0.3818442502653029,0.07614213197969542,0.5555555555555556,0.4,0.06666666666666667,0.4
0.38543247344461307,0.13589153062837275,0.06598984771573603,0.3333333333333333,0.6000000000000001,0.06666666666666667,0.0
0.38694992412746587,0.18224615593036644,0.02030456852791878,0.4444444444444445,1.0,0.13333333333333333,0.30000000000000004
0.3884673748103187,0.6108401634717424,0.05076142131979696,0.6666666666666665,0.6000000000000001,0.06666666666666667,0.4
0.3899848254931715,0.11589785273995801,0.03553299492385787,0.5555555555555556,0.8,0.13333333333333333,0.30000000000000004
0.3915022761760243,0.5145521461310936,0.04568527918781726,0.5555555555555556,0.6000000000000001,0.13333333333333333,0.1
0.3930197268588771,0.06660796134480346,0.015228426395939085,0.3333333333333333,0.8,0.06666666666666667,0.4
0.3945371775417299,0.8812910655015919,0.06091370558375634,0.3333333333333333,1.0,0.06666666666666667,0.0
0.3960546282245827,0.09942649416333627,0.07614213197969542,0.4444444444444445,0.6000000000000001,0.0,0.4
0.3975720789074355,0.6789157578631263,0.055837563451776644,0.4444444444444445,0.8,0.13333333333333333,0.1
0.3990895295902883,0.40902933008196174,0.055837563451776644,0.3333333333333333,0.4,0.0,0.0
0.4006069802731411,0.15289349499875818,0.07106598984771573,0.3333333333333333,0.8,0.06666666666666667,0.2
0.40212443095599393,0.06515161778319672,0.030456852791878174,0.6666666666666665,0.8,0.13333333333333333,0.1
0.40364188163884673,0.631398315608842,0.08629441624365482,0.6666666666666665,1.0,0.0,0.0
0.40515933232169954,0.2614418930208404,0.06091370558375634,0.5555555555555556,0.8,0.0,0.1
0.40667678300455234,0.9691345480819166,0.07106598984771573,0.5555555555555556,1.0,0.0,0.0
0.40819423368740515,0.49805820858452443,0.06598984771573603,0.4444444444444445,1.0,0.06666666666666667,0.2
0.40971168437025796,0.4577434577434578,0.03553299492385787,0.3333333333333333,1.0,0.13333333333333333,0.1
0.41122913505311076,0.4817336133125607,0.02030456852791878,0.6666666666666665,0.4,0.0,0.4
0.4127465857359636,0.6236198604619657,0.07106598984771573,0.5555555555555556,0.4,0.13333333333333333,0.4
0.41426403641881643,0.47350357876673665,0.07614213197969542,0.5555555555555556,1.0,0.13333333333333333,0.1
0.41578148710166923,0.08183747657431867,0.03553299492385787,0.4444444444444445,1.0,0.06666666666666667,0.30000000000000004
0.41729893778452204,0.45218903113639963,0.06598984771573603,0.5555555555555556,0.4,0.06666666666666667,0.30000000000000004
0.41881638846737484,0.2830838357154146,0.06091370558375634,0.3333333333333333,1.0,0.13333333333333333,0.0
0.42033383915022765,0.28978978978978975,0.07106598984771573,0.3333333333333333,1.0,0.0,0.4
0.42185128983308046,0.9557677978730611,0.03553299492385787,0.6666666666666665,0.8,0.13333333333333333,0.4
0.42336874051593326,0.43471290839711896,0.015228426395939085,0.5555555555555556,1.0,0.13333333333333333,0.1
0.42488619119878607,0.13156765788344735,0.02030456852791878,0.5555555555555556,0.8,0.06666666666666667,0.2
0.4264036418816389,0.11253358621779674,0.055837563451776644,0.6666666666666665,0.4,0.0,0.0
0.4279210925644917,0.7143873196504775,0.015228426395939085,0.5555555555555556,0.6000000000000001,0.06666666666666667,0.1
0.4294385432473445,0.4601594075278286,0.02030456852791878,0.3333333333333333,0.6000000000000001,0.06666666666666667,0.0
0.4309559939301973,0.3882115197904672,0.04568527918781726,0.6666666666666665,0.4,0.06666666666666667,0.2
0.4324734446130501,0.7077039445460498,0.04060913705583757,0.4444444444444445,1.0,0.13333333333333333,0.4
0.4339908952959029,0.4307277202014045,0.025380710659898477,0.3333333333333333,1.0,0.0,0.0
0.4355083459787557,0.7424078213551898,0.08121827411167512,0.6666666666666665,0.4,0.0,0.1
0.4370257966616085,0.42974553500869295,0.02030456852791878,0.4444444444444445,0.4,0.13333333333333333,0.4
0.4385432473444613,0.7282846756530967,0.02030456852791878,0.5555555555555556,1.0,0.13333333333333333,0.2
0.4400606980273141,0.4926844137370453,0.07614213197969542,0.5555555555555556,0.6000000000000001,0.06666666666666667,0.0
0.44157814871016693,0.9415543362911784,0.010152284263959392,0.6666666666666665,0.6000000000000001,0.13333333333333333,0.2
0.44309559939301973,0.004888346993610154,0.07106598984771573,0.3333333333333333,0.6000000000000001,0.0,0.4
0.44461305007587254,0.2643094222041591,0.015228426395939085,0.4444444444444445,0.4,0.06666666666666667,0.0
0.44613050075872535,0.952211610106347,0.02030456852791878,0.5555555555555556,1.0,0.13333333333333333,0.30000000000000004
0.44764795144157815,0.33998283998283996,0.03553299492385787,0.5555555555555556,0.8,0.13333333333333333,0.30000000000000004
0.44916540212443096,0.3021969337758812,0.04060913705583757,0.3333333333333333,0.8,0.0,0.2
0.45068285280728376,0.8362347309715731,0.02030456852791878,0.6666666666666665,0.8,0.0,0.0
0.45220030349013657,0.31304612883560257,0.04568527918781726,0.5555555555555556,1.0,0.0,0.2
0.4537177541729894,0.6395041658199553,0.030456852791878174,0.5555555555555556,1.0,0.13333333333333333,0.30000000000000004
0.4552352048558422,0.9222493169861591,0.06091370558375634,0.5555555555555556,1.0,0.0,0.0
0.456752655538695,0.7493508546140125,0.025380710659898477,0.5555555555555556,0.8,0.13333333333333333,0.4
0.4582701062215478,0.5227031542821017,0.07106598984771573,0.3333333333333333,0.4,0.13333333333333333,0.2
0.45978755690440065,0.4803562961457699,0.05076142131979696,0.3333333333333333,1.0,0.13333333333333333,0.2
0.46130500758725346,0.21954661428345637,0.06598984771573603,0.3333333333333333,0.8,0.13333333333333333,0.4
0.46282245827010626,0.09618641197588565,0.08121827411167512,0.5555555555555556,1.0,0.06666666666666667,0.4
0.46433990895295907,0.22713314818577976,0.08121827411167512,0.5555555555555556,0.6000000000000001,0.0,0.0
0.4658573596358119,0.05767797873061031,0.025380710659898477,0.4444444444444445,0.6000000000000001,0.13333333333333333,0.1
0.4673748103186647,0.44721036826299987,0.03553299492385787,0.3333333333333333,1.0,0.0,0.30000000000000004
0.4688922610015175,0.7534263586895166,0.055837563451776644,0.5555555555555556,1.0,0.13333333333333333,0.30000000000000004
0.4704097116843703,0.8150330781909729,0.010152284263959392,0.3333333333333333,1.0,0.0,0.1
0.4719271623672231,0.9113098060466481,0.03553299492385787,0.5555555555555556,0.6000000000000001,0.0,0.0
0.4734446130500759,0.4548194811352706,0.010152284263959392,0.6666666666666665,0.6000000000000001,0.06666666666666667,0.4
0.4749620637329287,0.6874280295332927,0.02030456852791878,0.3333333333333333,0.4,0.13333333333333333,0.4
0.4764795144157815,0.1550384971437603,0.04568527918781726,0.6666666666666665,0.6000000000000001,0.06666666666666667,0.2
0.4779969650986343,0.3884485989749148,0.08121827411167512,0.3333333333333333,0.6000000000000001,0.06666666666666667,0.30000000000000004
0.4795144157814871,0.003736819526293206,0.07614213197969542,0.5555555555555556,0.8,0.0,0.2
0.48103186646433993,0.8604845446950711,0.010152284263959392,0.4444444444444445,1.0,0.0,0.4
0.48254931714719274,0.1936033778139041,0.055837563451776644,0.5555555555555556,0.8,0.0,0.30000000000000004
0.48406676783004554,0.797015060172955,0.025380710659898477,0.5555555555555556,0.4,0.0,0.30000000000000004
0.48558421851289835,0.24808643229695862,0.04568527918781726,0.5555555555555556,1.0,0.13333333333333333,0.1
0.48710166919575115,0.0022691864797128036,0.030456852791878174,0.6666666666666665,1.0,0.0,0.0
0.48861911987860396,0.14242814242814242,0.025380710659898477,0.5555555555555556,0.6000000000000001,0.06666666666666667,0.2
0.49013657056145676,0.37684300842195584,0.015228426395939085,0.3333333333333333,0.4,0.13333333333333333,0.2
0.49165402124430957,0.4355370408001987,0.030456852791878174,0.3333333333333333,1.0,0.0,0.4
0.4931714719271624,0.920284946600736,0.055837563451776644,0.3333333333333333,0.8,0.13333333333333333,0.30000000000000004
0.4946889226100152,0.13049515681094628,0.015228426395939085,0.3333333333333333,0.8,0.13333333333333333,0.30000000000000004
0.496206373292868,0.17500959606222763,0.04060913705583757,0.4444444444444445,1.0,0.06666666666666667,0.1
0.4977238239757208,0.17400483189956875,0.055837563451776644,0.3333333333333333,0.8,0.13333333333333333,0.1
0.4992412746585736,0.4419494682652577,0.010152284263959392,0.6666666666666665,0.8,0.13333333333333333,0.4
0.5007587253414264,0.07527828580460158,0.08121827411167512,0.5555555555555556,0.6000000000000001,0.06666666666666667,0.2
0.5022761760242792,0.26225473593894644,0.07614213197969542,0.5555555555555556,1.0,0.13333333333333333,0.0
0.503793626707132,0.4083632504685136,0.07106598984771573,0.6666666666666665,0.6000000000000001,0.06666666666666667,0.0
0.5053110773899848,0.12807920702657546,0.06091370558375634,0.4444444444444445,0.8,0.13333333333333333,0.2
0.5068285280728376,0.33748786380365325,0.025380710659898477,0.6666666666666665,0.8,0.13333333333333333,0.0
0.5083459787556904,0.6029375239901557,0.08121827411167512,0.5555555555555556,1.0,0.13333333333333333,0.0
0.5098634294385432,0.5782248413827361,0.04568527918781726,0.3333333333333333,0.8,0.13333333333333333,0.1
0.511380880121396,0.8393619183092867,0.015228426395939085,0.6666666666666665,0.4,0.0,0.4
0.5128983308042488,0.9628011470116734,0.08629441624365482,0.5555555555555556,0.4,0.0,0.1
0.5144157814871017,0.08887082571293098,0.03553299492385787,0.5555555555555556,0.6000000000000001,0.06666666666666667,0.1
0.5159332321699545,0.6521145205355732,0.02030456852791878,0.5555555555555556,0.6000000000000001,0.06666666666666667,0.1
0.5174506828528073,0.671882408724514,0.07614213197969542,0.3333333333333333,0.6000000000000001,0.13333333333333333,0.0
0.5189681335356601,0.3045790151053309,0.030456852791878174,0.5555555555555556,0.8,0.13333333333333333,0.30000000000000004
0.5204855842185129,0.6297387613177087,0.015228426395939085,0.4444444444444445,0.6000000000000001,0.13333333333333333,0.4
0.5220030349013657,0.605477658109237,0.06598984771573603,0.4444444444444445,0.4,0.13333333333333333,0.1
0.5235204855842185,0.39465781571044734,0.055837563451776644,0.6666666666666665,0.8,0.13333333333333333,0.1
0.5250379362670713,0.286335207387839,0.08121827411167512,0.5555555555555556,0.6000000000000001,0.0,0.1
0.5265553869499241,0.07112375533428164,0.010152284263959392,0.5555555555555556,0.4,0.0,0.30000000000000004
0.5280728376327769,0.7464155885208517,0.07614213197969542,0.3333333333333333,0.8,0.13333333333333333,0.30000000000000004
0.5295902883156297,0.006028584975953405,0.04060913705583757,0.6666666666666665,0.6000000000000001,0.13333333333333333,0.30000000000000004
0.5311077389984825,0.7978843505159295,0.04060913705583757,0.4444444444444445,0.4,0.0,0.2
0.5326251896813354,0.6259003364266522,0.04568527918781726,0.6666666666666665,0.4,0.0,0.1
0.5341426403641882,0.8644697328907855,0.06091370558375634,0.4444444444444445,0.4,0.0,0.0
0.535660091047041,0.9389690442322022,0.030456852791878174,0.4444444444444445,0.8,0.06666666666666667,0.30000000000000004
0.5371775417298938,0.25429564903249113,0.030456852791878174,0.6666666666666665,0.8,0.0,0.2
0.5386949924127467,0.3740996635733478,0.03553299492385787,0.4444444444444445,1.0,0.06666666666666667,0.4
0.5402124430955995,0.21022149969518392,0.06598984771573603,0.5555555555555556,1.0,0.06666666666666667,0.1
0.5417298937784523,0.6270067059540744,0.02030456852791878,0.3333333333333333,0.8,0.13333333333333333,0.2
0.5432473444613051,0.413206439522229,0.030456852791878174,0.4444444444444445,0.4,0.13333333333333333,0.0
0.5447647951441579,0.5727268622005465,0.025380710659898477,0.3333333333333333,0.4,0.0,0.2
0.5462822458270107,0.04575628259838785,0.055837563451776644,0.5555555555555556,0.6000000000000001,0.0,0.1
0.5477996965098635,0.8847569373885164,0.07614213197969542,0.5555555555555556,0.6000000000000001,0.06666666666666667,0.4
0.5493171471927163,0.6820655241707874,0.08629441624365482,0.4444444444444445,1.0,0.13333333333333333,0.1
0.5508345978755691,0.6841089209510263,0.015228426395939085,0.4444444444444445,0.4,0.0,0.1
0.5523520485584219,0.9587143534511956,0.05076142131979696,0.5555555555555556,0.8,0.13333333333333333,0.30000000000000004
0.5538694992412747,0.1251213619634672,0.05076142131979696,0.6666666666666665,1.0,0.0,0.2
0.5553869499241275,0.2819887556729662,0.07106598984771573,0.6666666666666665,1.0,0.0,0.30000000000000004
0.5569044006069803,0.8754092438302964,0.025380710659898477,0.3333333333333333,0.6000000000000001,0.13333333333333333,0.1
0.5584218512898331,0.8028065659644608,0.08629441624365482,0.3333333333333333,0.6000000000000001,0.0,0.30000000000000004
0.5599393019726859,0.9806159543001648,0.08121827411167512,0.5555555555555556,0.8,0.06666666666666667,0.30000000000000004
0.5614567526555387,0.7799002009528325,0.04060913705583757,0.4444444444444445,0.6000000000000001,0.13333333333333333,0.30000000000000004
0.5629742033383915,0.07207207207207206,0.015228426395939085,0.4444444444444445,0.4,0.13333333333333333,0.1
0.5644916540212443,0.5818826345142135,0.07106598984771573,0.5555555555555556,1.0,0.06666666666666667,0.1
0.5660091047040972,0.9173496805075753,0.015228426395939085,0.3333333333333333,1.0,0.0,0.1
0.56752655538695,0.5215064688748899,0.07614213197969542,0.5555555555555556,1.0,0.0,0.4
0.5690440060698028,0.3760979024136919,0.06598984771573603,0.5555555555555556,0.6000000000000001,0.06666666666666667,0.30000000000000004
0.5705614567526556,0.3862245704350967,0.05076142131979696,0.4444444444444445,0.8,0.06666666666666667,0.2
0.5720789074355084,0.5727042832305991,0.08121827411167512,0.4444444444444445,0.4,0.0,0.4
0.5735963581183612,0.0015015015015014954,0.04568527918781726,0.5555555555555556,1.0,0.13333333333333333,0.1
0.575113808801214,0.15169680959154644,0.015228426395939085,0.6666666666666665,0.4,0.0,0.30000000000000004
0.5766312594840668,0.18694258167942376,0.05076142131979696,0.6666666666666665,0.4,0.0,0.4
0.5781487101669196,0.39076294339452233,0.08121827411167512,0.3333333333333333,0.4,0.0,0.1
0.5796661608497724,0.690532637901059,0.015228426395939085,0.5555555555555556,0.6000000000000001,0.13333333333333333,0.30000000000000004
0.5811836115326252,0.08975140554087924,0.07614213197969542,0.4444444444444445,0.6000000000000001,0.06666666666666667,0.30000000000000004
0.582701062215478,0.13709950552055813,0.025380710659898477,0.3333333333333333,0.8,0.0,0.0
0.5842185128983308,0.0581747160694529,0.025380710659898477,0.6666666666666665,0.8,0.13333333333333333,0.0
0.5857359635811836,0.8338074917022286,0.07614213197969542,0.4444444444444445,0.4,0.13333333333333333,0.2
0.5872534142640364,0.4944229944229944,0.025380710659898477,0.6666666666666665,0.6000000000000001,0.0,0.30000000000000004
0.5887708649468892,0.4991419991419992,0.04568527918781726,0.4444444444444445,0.8,0.13333333333333333,0.1
0.590288315629742,0.6131206394364289,0.04060913705583757,0.3333333333333333,1.0,0.0,0.30000000000000004
0.5918057663125948,0.22407369775790828,0.04060913705583757,0.3333333333333333,0.4,0.0,0.4
0.5933232169954477,0.9671024407866514,0.05076142131979696,0.3333333333333333,1.0,0.0,0.0
0.5948406676783005,0.7636997900155795,0.015228426395939085,0.3333333333333333,0.8,0.0,0.0
0.5963581183611533,0.6454650138860666,0.08629441624365482,0.3333333333333333,0.4,0.0,0.1
0.5978755690440061,0.5825261351577141,0.05076142131979696,0.6666666666666665,0.8,0.0,0.1
0.5993930197268589,0.2286120707173339,0.010152284263959392,0.3333333333333333,1.0,0.0,0.1
0.6009104704097117,0.7528844634107792,0.3553299492385787,0.5555555555555556,0.8,0.13333333333333333,0.0
0.6024279210925645,0.8686355528460792,0.233502538071066,0.4444444444444445,0.6000000000000001,0.13333333333333333,0.0
0.6039453717754173,0.9671024407866514,0.3248730964467005,0.5555555555555556,0.4,0.13333333333333333,0.2
0.6054628224582701,0.760380681433313,0.29441624365482233,0.6666666666666665,0.6000000000000001,0.0,0.1
0.6069802731411229,0.2290184921763869,0.36548223350253806,0.6666666666666665,0.6000000000000001,0.13333333333333333,0.4
0.6084977238239757,0.7284765968976495,0.22842639593908629,0.3333333333333333,0.8,0.0,0.30000000000000004
0.6100151745068285,0.20997313102576262,0.26903553299492383,0.3333333333333333,0.4,0.0,0.2
0.6115326251896813,0.3858181489760437,0.350253807106599,0.3333333333333333,0.6000000000000001,0.13333333333333333,0.1
0.6130500758725341,0.9786741628846892,0.3401015228426396,0.6666666666666665,0.4,0.0,0.4
0.6145675265553869,0.8910113120639437,0.2436548223350254,0.6666666666666665,0.6000000000000001,0.0,0.4
0.6160849772382397,0.49476167897220535,0.3553299492385787,0.5555555555555556,0.4,0.0,0.2
0.6176024279210925,0.07268170426065163,0.23857868020304568,0.4444444444444445,0.8,0.0,0.1
0.6191198786039454,0.2565648355122039,0.233502538071066,0.4444444444444445,0.6000000000000001,0.0,0.1
0.6206373292867982,0.876278534173271,0.3350253807106599,0.6666666666666665,0.4,0.13333333333333333,0.2
0.622154779969651,0.3899726794463637,0.18781725888324874,0.4444444444444445,0.4,0.13333333333333333,0.2
0.6236722306525038,0.4452685768475243,0.20812182741116753,0.3333333333333333,1.0,0.0,0.2
0.6251896813353566,0.9130370972476235,0.14213197969543148,0.5555555555555556,1.0,0.13333333333333333,0.1
0.6267071320182094,0.8676872361082888,0.17258883248730966,0.6666666666666665,1.0,0.0,0.1
0.6282245827010622,0.4816884553726659,0.3147208121827411,0.3333333333333333,0.6000000000000001,0.0,0.30000000000000004
0.629742033383915,0.6168913274176432,0.22842639593908629,0.6666666666666665,0.6000000000000001,0.13333333333333333,0.30000000000000004
0.6312594840667679,0.15868500079026396,0.21827411167512692,0.4444444444444445,0.4,0.13333333333333333,0.30000000000000004
0.6327769347496207,0.8601571496308339,0.29441624365482233,0.4444444444444445,1.0,0.06666666666666667,0.4
0.6342943854324735,0.4215155004628689,0.3604060913705584,0.4444444444444445,0.4,0.0,0.0
0.6358118361153263,0.9738874212558423,0.27918781725888325,0.5555555555555556,0.8,0.0,0.1
0.6373292867981791,0.4221364221364222,0.18274111675126903,0.4444444444444445,0.6000000000000001,0.13333333333333333,0.2
0.6388467374810319,0.7331843121316806,0.3401015228426396,0.4444444444444445,1.0,0.0,0.4
0.6403641881638847,0.4363160152633837,0.26903553299492383,0.5555555555555556,0.6000000000000001,0.06666666666666667,0.0
0.6418816388467375,0.4711892343471291,0.2487309644670051,0.4444444444444445,0.6000000000000001,0.0,0.30000000000000004
0.6433990895295904,0.5628598523335365,0.15228426395939088,0.4444444444444445,0.8,0.13333333333333333,0.0
0.6449165402124432,0.8076723339881235,0.2233502538071066,0.5555555555555556,0.4,0.0,0.4
0.646433990895296,0.9283456388719548,0.34517766497461927,0.6666666666666665,0.4,0.0,0.2
0.6479514415781488,0.6012102327891802,0.23857868020304568,0.6666666666666665,1.0,0.13333333333333333,0.2
0.6494688922610016,0.2335229966808914,0.26903553299492383,0.3333333333333333,0.8,0.0,0.30000000000000004
0.6509863429438544,0.13372394951342317,0.19289340101522842,0.3333333333333333,0.8,0.06666666666666667,0.0
0.6525037936267072,0.9599674862832758,0.34517766497461927,0.5555555555555556,0.8,0.0,0.0
0.65402124430956,0.19353564090406197,0.350253807106599,0.5555555555555556,1.0,0.13333333333333333,0.30000000000000004
0.6555386949924128,0.29337984601142497,0.28426395939086296,0.5555555555555556,0.4,0.06666666666666667,0.2
0.6570561456752656,0.33893291788028634,0.3096446700507614,0.5555555555555556,0.6000000000000001,0.13333333333333333,0.30000000000000004
0.6585735963581184,0.46507033349138616,0.2131979695431472,0.3333333333333333,0.4,0.06666666666666667,0.2
0.6600910470409712,0.17316941001151528,0.3604060913705584,0.3333333333333333,1.0,0.0,0.30000000000000004
0.661608497723824,0.5278285804601595,0.3553299492385787,0.3333333333333333,0.4,0.06666666666666667,0.1
0.6631259484066768,0.857481541692068,0.25888324873096447,0.5555555555555556,0.6000000000000001,0.0,0.2
0.6646433990895296,0.28871728871728874,0.14213197969543148,0.6666666666666665,0.4,0.06666666666666667,0.4
0.6661608497723824,0.015782699993226318,0.3197969543147208,0.6666666666666665,0.8,0.0,0.30000000000000004
0.6676783004552352,0.4222493169861591,0.23857868020304568,0.4444444444444445,0.6000000000000001,0.0,0.30000000000000004
0.669195751138088,0.3569960938381991,0.12182741116751268,0.5555555555555556,0.4,0.06666666666666667,0.30000000000000004
0.6707132018209409,0.035832825306509525,0.2436548223350254,0.3333333333333333,0.6000000000000001,0.0,0.30000000000000004
0.6722306525037937,0.559800401905665,0.3147208121827411,0.5555555555555556,1.0,0.13333333333333333,0.30000000000000004
0.6737481031866465,0.33869583869583875,0.3248730964467005,0.5555555555555556,1.0,0.13333333333333333,0.0
0.6752655538694993,0.2954796902165323,0.20304568527918782,0.6666666666666665,1.0,0.0,0.4
0.6767830045523521,0.6150737203368782,0.3401015228426396,0.4444444444444445,0.8,0.0,0.2
0.6783004552352049,0.7891462891462891,0.29441624365482233,0.4444444444444445,0.4,0.13333333333333333,0.1
0.6798179059180577,0.10504865768023663,0.14213197969543148,0.3333333333333333,0.8,0.13333333333333333,0.1
0.6813353566009105,0.040088961141592716,0.16751269035532995,0.3333333333333333,0.6000000000000001,0.13333333333333333,0.30000000000000004
0.6828528072837633,0.0,0.2436548223350254,0.6666666666666665,0.6000000000000001,0.13333333333333333,0.0
0.6843702579666161,0.1548352864142338,0.16751269035532995,0.3333333333333333,0.8,0.13333333333333333,0.2
0.6858877086494689,0.3010792747634853,0.23857868020304568,0.4444444444444445,0.8,0.13333333333333333,0.30000000000000004
0.6874051593323217,0.671069565806408,0.3604060913705584,0.3333333333333333,0.8,0.0,0.30000000000000004
0.6889226100151745,0.8251032987875093,0.11167512690355329,0.3333333333333333,0.6000000000000001,0.0,0.2
0.6904400606980273,0.8826232247284879,0.2233502538071066,0.5555555555555556,0.4,0.0,0.4
0.6919575113808801,0.06841427894059474,0.19289340101522842,0.5555555555555556,1.0,0.13333333333333333,0.30000000000000004
0.6934749620637329,0.6040890514574725,0.27411167512690354,0.4444444444444445,0.4,0.0,0.4
0.6949924127465857,0.4730407098828152,0.3248730964467005,0.6666666666666665,0.4,0.06666666666666667,0.30000000000000004
0.6965098634294385,0.3847004899636479,0.3604060913705584,0.6666666666666665,0.8,0.13333333333333333,0.4
0.6980273141122914,0.9407527828580461,0.116751269035533,0.5555555555555556,0.8,0.13333333333333333,0.30000000000000004
0.6995447647951442,0.49566483777010095,0.17766497461928935,0.3333333333333333,0.8,0.13333333333333333,0.30000000000000004
0.701062215477997,0.9169771275034434,0.36548223350253806,0.3333333333333333,0.8,0.0,0.1
0.7025796661608498,0.9219896588317641,0.17766497461928935,0.3333333333333333,1.0,0.06666666666666667,0.4
0.7040971168437026,0.2849353112511007,0.2487309644670051,0.3333333333333333,0.4,0.06666666666666667,0.2
0.7056145675265554,0.3301384090857775,0.22842639593908629,0.4444444444444445,1.0,0.0,0.2
0.7071320182094082,0.051175235385761686,0.3401015228426396,0.5555555555555556,0.4,0.0,0.30000000000000004
0.708649468892261,0.6642281379123485,0.16751269035532995,0.3333333333333333,0.8,0.13333333333333333,0.1
0.7101669195751138,0.7490347490347491,0.16751269035532995,0.4444444444444445,1.0,0.0,0.4
0.7116843702579666,0.8252049041522727,0.3197969543147208,0.5555555555555556,0.4,0.06666666666666667,0.1
0.7132018209408194,0.4192576034681298,0.17258883248730966,0.4444444444444445,1.0,0.06666666666666667,0.4
0.7147192716236722,0.4009009009009009,0.22842639593908629,0.5555555555555556,0.6000000000000001,0.13333333333333333,0.2
0.716236722306525,0.6321321321321322,0.16243654822335027,0.5555555555555556,0.6000000000000001,0.06666666666666667,0.4
0.7177541729893778,0.3786380365327734,0.116751269035533,0.5555555555555556,0.6000000000000001,0.06666666666666667,0.2
0.7192716236722306,0.21059405269931583,0.17766497461928935,0.3333333333333333,0.6000000000000001,0.06666666666666667,0.4
0.7207890743550834,0.615457562825984,0.2131979695431472,0.4444444444444445,1.0,0.13333333333333333,0.2
0.7223065250379362,0.013445776603671328,0.3401015228426396,0.5555555555555556,1.0,0.0,0.4
0.723823975720789,0.5800988958883696,0.2436548223350254,0.6666666666666665,1.0,0.13333333333333333,0.4
0.7253414264036419,0.7132809501230554,0.15736040609137056,0.5555555555555556,0.6000000000000001,0.13333333333333333,0.1
0.7268588770864948,0.2863803653277337,0.2233502538071066,0.6666666666666665,0.6000000000000001,0.13333333333333333,0.2
0.7283763277693476,0.7310957574115469,0.2233502538071066,0.5555555555555556,0.4,0.0,0.0
0.7298937784522004,0.7202691413217729,0.13705583756345177,0.6666666666666665,0.6000000000000001,0.06666666666666667,0.0
0.7314112291350532,0.4562871141818511,0.3604060913705584,0.3333333333333333,0.4,0.0,0.4
0.732928679817906,0.08051660683239631,0.13705583756345177,0.4444444444444445,0.8,0.06666666666666667,0.1
0.7344461305007588,0.20137054347580666,0.12690355329949238,0.4444444444444445,0.8,0.06666666666666667,0.1
0.7359635811836116,0.5091783512836144,0.27918781725888325,0.6666666666666665,0.6000000000000001,0.13333333333333333,0.1
0.7374810318664644,0.9469845785635259,0.3096446700507614,0.3333333333333333,0.4,0.13333333333333333,0.2
0.7389984825493172,0.3738400054189528,0.18274111675126903,0.6666666666666665,1.0,0.13333333333333333,0.1
0.74051593323217,0.7416288468920048,0.20812182741116753,0.5555555555555556,0.8,0.0,0.2
0.7420333839150228,0.3573799363273048,0.23857868020304568,0.6666666666666665,1.0,0.13333333333333333,0.1
0.7435508345978756,0.13363363363363365,0.3147208121827411,0.3333333333333333,0.4,0.0,0.0
0.7450682852807284,0.565140328298223,0.30456852791878175,0.3333333333333333,1.0,0.0,0.0
0.7465857359635812,0.4337984601142496,0.23857868020304568,0.5555555555555556,0.8,0.13333333333333333,0.0
0.748103186646434,0.09909909909909909,0.16243654822335027,0.5555555555555556,0.4,0.06666666666666667,0.4
0.7496206373292869,0.3711869764501343,0.1319796954314721,0.3333333333333333,0.6000000000000001,0.0,0.1
0.7511380880121397,0.47739845108266166,0.26903553299492383,0.6666666666666665,0.6000000000000001,0.0,0.30000000000000004
0.7526555386949925,0.5787554471764998,0.233502538071066,0.4444444444444445,0.6000000000000001,0.13333333333333333,0.30000000000000004
0.7541729893778453,0.344058344058344,0.2487309644670051,0.3333333333333333,0.4,0.06666666666666667,0.2
0.7556904400606981,0.1306983675404728,0.14213197969543148,0.3333333333333333,0.8,0.06666666666666667,0.0
0.7572078907435509,0.6159543001648266,0.3299492385786802,0.5555555555555556,0.8,0.13333333333333333,0.2
0.7587253414264037,0.7514394093341462,0.19289340101522842,0.4444444444444445,0.8,0.0,0.4
0.7602427921092565,0.563921063921064,0.17766497461928935,0.5555555555555556,0.6000000000000001,0.06666666666666667,0.0
0.7617602427921093,0.8120187857029962,0.25888324873096447,0.5555555555555556,0.4,0.13333333333333333,0.4
0.7632776934749621,0.7988213777687462,0.3401015228426396,0.5555555555555556,0.6000000000000001,0.0,0.0
0.7647951441578149,0.6969563548510918,0.15736040609137056,0.5555555555555556,1.0,0.06666666666666667,0.0
0.7663125948406677,0.6015602068233648,0.3299492385786802,0.4444444444444445,0.4,0.0,0.2
0.7678300455235205,0.8903565219354693,0.116751269035533,0.5555555555555556,1.0,0.13333333333333333,0.30000000000000004
0.7693474962063733,0.06905777958409537,0.19796954314720813,0.5555555555555556,0.6000000000000001,0.13333333333333333,0.0
0.7708649468892261,0.17896091580302106,0.28426395939086296,0.6666666666666665,0.4,0.0,0.30000000000000004
0.7723823975720789,0.9400076768497821,0.13705583756345177,0.3333333333333333,0.8,0.13333333333333333,0.1
0.7738998482549317,0.11799769694506537,0.15228426395939088,0.5555555555555556,0.4,0.13333333333333333,0.2
0.7754172989377845,0.7975456659667186,0.233502538071066,0.5555555555555556,0.4,0.0,0.2
0.7769347496206374,0.7363792363792364,0.29949238578680204,0.5555555555555556,0.4,0.06666666666666667,0.30000000000000004
0.7784522003034902,0.35827180564022665,0.18781725888324874,0.4444444444444445,0.6000000000000001,0.06666666666666667,0.4
0.779969650986343,0.4225315541105015,0.13705583756345177,0.4444444444444445,0.4,0.13333333333333333,0.30000000000000004
0.7814871016691958,0.18301384090857772,0.17258883248730966,0.3333333333333333,0.8,0.13333333333333333,0.2
0.7830045523520486,0.0431371220844905,0.14720812182741116,0.6666666666666665,0.8,0.0,0.30000000000000004
0.7845220030349014,0.35865564812933237,0.29949238578680204,0.3333333333333333,0.4,0.13333333333333333,0.30000000000000004
0.7860394537177542,0.9919618866987289,0.16751269035532995,0.6666666666666665,0.8,0.0,0.2
0.787556904400607,0.021167784325679062,0.27411167512690354,0.6666666666666665,0.4,0.0,0.0
0.7890743550834598,0.9954164691006796,0.18274111675126903,0.5555555555555556,0.8,0.0,0.4
0.7905918057663126,0.902899139741245,0.3401015228426396,0.3333333333333333,0.6000000000000001,0.13333333333333333,0.2
0.7921092564491654,0.3163313689629479,0.16751269035532995,0.6666666666666665,1.0,0.0,0.0
0.7936267071320182,0.5920770394454605,0.3350253807106599,0.5555555555555556,0.6000000000000001,0.0,0.2
0.795144157814871,0.8985865564812933,0.28426395939086296,0.6666666666666665,0.6000000000000001,0.13333333333333333,0.4
0.7966616084977238,0.27456027456027454,0.34517766497461927,0.4444444444444445,0.8,0.06666666666666667,0.0
0.7981790591805766,0.5356070356070356,0.1319796954314721,0.3333333333333333,0.4,0.13333333333333333,0.30000000000000004
0.7996965098634294,0.5214161529951004,0.17258883248730966,0.4444444444444445,0.4,0.06666666666666667,0.30000000000000004
0.8012139605462822,0.6615976879134774,0.15736040609137056,0.3333333333333333,0.6000000000000001,0.0,0.1
0.802731411229135,0.3659373659373659,0.15736040609137056,0.5555555555555556,0.6000000000000001,0.13333333333333333,0.4
0.8042488619119879,0.21439860913545125,0.17766497461928935,0.3333333333333333,0.6000000000000001,0.0,0.0
0.8057663125948407,0.1701212490686175,0.14720812182741116,0.3333333333333333,0.6000000000000001,0.13333333333333333,0.2
0.8072837632776935,0.41300322879270246,0.22842639593908629,0.3333333333333333,0.6000000000000001,0.13333333333333333,0.2
0.8088012139605463,0.06900133215922691,0.16751269035532995,0.5555555555555556,0.6000000000000001,0.0,0.30000000000000004
0.8103186646433991,0.32038429406850455,0.26903553299492383,0.5555555555555556,0.8,0.0,0.30000000000000004
0.8118361153262519,0.20220596536386012,0.12690355329949238,0.3333333333333333,1.0,0.06666666666666667,0.30000000000000004
0.8133535660091047,0.5017160017160017,0.22842639593908629,0.3333333333333333,0.8,0.06666666666666667,0.0
0.8148710166919575,0.4572918783445099,0.3299492385786802,0.6666666666666665,0.6000000000000001,0.06666666666666667,0.4
0.8163884673748103,0.8164555532976586,0.3604060913705584,0.6666666666666665,0.8,0.06666666666666667,0.30000000000000004
0.8179059180576631,0.45837566890198467,0.3401015228426396,0.3333333333333333,0.8,0.06666666666666667,0.0
0.8194233687405159,0.640960509381562,0.2131979695431472,0.6666666666666665,0.4,0.0,0.30000000000000004
0.8209408194233687,0.4452685768475243,0.2893401015228426,0.6666666666666665,1.0,0.13333333333333333,0.2
0.8224582701062215,0.7242430400325137,0.2233502538071066,0.4444444444444445,1.0,0.06666666666666667,0.2
0.8239757207890743,0.26541579173158125,0.2893401015228426,0.4444444444444445,0.4,0.06666666666666667,0.0
0.8254931714719272,0.8397118923434713,0.25888324873096447,0.5555555555555556,0.6000000000000001,0.06666666666666667,0.2
0.82701062215478,0.8160039738987108,0.12690355329949238,0.6666666666666665,1.0,0.0,0.4
0.8285280728376329,0.37133373975479234,0.3299492385786802,0.6666666666666665,0.4,0.06666666666666667,0.4
0.8300455235204857,0.30323556639346116,0.116751269035533,0.3333333333333333,1.0,0.13333333333333333,0.4
0.8315629742033385,0.7240285398180135,0.26903553299492383,0.3333333333333333,0.6000000000000001,0.0,0.4
0.8330804248861913,0.900155794892637,0.18274111675126903,0.6666666666666665,1.0,0.13333333333333333,0.30000000000000004
0.8345978755690441,0.6673327462801147,0.28426395939086296,0.6666666666666665,1.0,0.13333333333333333,0.30000000000000004
0.8361153262518969,0.24870735397051189,0.17258883248730966,0.6666666666666665,0.4,0.06666666666666667,0.1
0.8376327769347497,0.7866174445121814,0.3147208121827411,0.6666666666666665,0.6000000000000001,0.13333333333333333,0.1
0.8391502276176025,0.17191627717943506,0.19289340101522842,0.6666666666666665,0.8,0.06666666666666667,0.30000000000000004
0.8406676783004553,0.9775000564474249,0.15228426395939088,0.4444444444444445,0.4,0.13333333333333333,0.0
0.8421851289833081,0.3677662625031046,0.2487309644670051,0.3333333333333333,1.0,0.0,0.4
0.8437025796661609,0.7746844588949853,0.2893401015228426,0.3333333333333333,1.0,0.0,0.4
0.8452200303490137,0.5424710424710425,0.29949238578680204,0.6666666666666665,0.8,0.06666666666666667,0.4
0.8467374810318665,0.8151121045857889,0.18781725888324874,0.5555555555555556,1.0,0.06666666666666667,0.2
0.8482549317147193,0.7930298719772404,0.19289340101522842,0.6666666666666665,1.0,0.13333333333333333,0.30000000000000004
0.8497723823975721,0.2709815078236131,0.21827411167512692,0.5555555555555556,0.6000000000000001,0.06666666666666667,0.0
0.8512898330804249,0.00529476845266319,0.1319796954314721,0.6666666666666665,1.0,0.0,0.2
0.8528072837632777,0.8709386077807131,0.26903553299492383,0.6666666666666665,0.6000000000000001,0.0,0.1
0.8543247344461306,0.9596513807040122,0.3350253807106599,0.4444444444444445,0.8,0.06666666666666667,0.0
0.8558421851289834,0.8627198627198628,0.16751269035532995,0.6666666666666665,0.8,0.0,0.0
0.8573596358118362,0.16706179864074602,0.3350253807106599,0.5555555555555556,1.0,0.0,0.1
0.858877086494689,0.3523899839689313,0.17766497461928935,0.5555555555555556,1.0,0.0,0.1
0.8603945371775418,0.5289236605026079,0.1319796954314721,0.6666666666666665,0.6000000000000001,0.06666666666666667,0.1
0.8619119878603946,0.6324030797715009,0.27918781725888325,0.5555555555555556,1.0,0.06666666666666667,0.0
0.8634294385432474,0.8311657522183838,0.350253807106599,0.5555555555555556,0.8,0.06666666666666667,0.0
0.8649468892261002,0.7236672762988553,0.3096446700507614,0.3333333333333333,0.4,0.06666666666666667,0.1
0.866464339908953,0.0351328772381404,0.16751269035532995,0.6666666666666665,0.4,0.0,0.4
0.8679817905918058,0.5397389871074082,0.34517766497461927,0.6666666666666665,0.8,0.0,0.2
0.8694992412746586,0.9626430942220415,0.3197969543147208,0.6666666666666665,0.4,0.13333333333333333,0.30000000000000004
0.8710166919575114,0.23261983788299576,0.3401015228426396,0.3333333333333333,0.6000000000000001,0.13333333333333333,0.0
0.8725341426403642,0.15221612590033642,0.3553299492385787,0.4444444444444445,0.6000000000000001,0.0,0.4
0.874051593323217,0.650895256158414,0.13705583756345177,0.5555555555555556,0.6000000000000001,0.06666666666666667,0.1
0.8755690440060698,0.6364108469371628,0.20812182741116753,0.4444444444444445,0.6000000000000001,0.0,0.4
0.8770864946889226,0.5596649280859808,0.18274111675126903,0.6666666666666665,1.0,0.0,0.30000000000000004
0.8786039453717754,0.540822777664883,0.3147208121827411,0.3333333333333333,0.6000000000000001,0.0,0.0
0.8801213960546282,0.8954932375985009,0.2487309644670051,0.3333333333333333,1.0,0.13333333333333333,0.1
0.881638846737481,0.508083271241166,0.116751269035533,0.5555555555555556,1.0,0.06666666666666667,0.4
0.8831562974203339,0.8625730994152047,0.3299492385786802,0.5555555555555556,1.0,0.06666666666666667,0.0
0.8846737481031867,0.4113662534715167,0.2487309644670051,0.5555555555555556,0.4,0.0,0.0
0.8861911987860395,0.27270879902458844,0.15736040609137056,0.5555555555555556,0.8,0.06666666666666667,0.30000000000000004
0.8877086494688923,0.5333830070672176,0.18274111675126903,0.6666666666666665,0.8,0.0,0.4
0.8892261001517451,0.735318024791709,0.14213197969543148,0.6666666666666665,0.6000000000000001,0.0,0.2
0.8907435508345979,0.9262457946668473,0.3401015228426396,0.3333333333333333,0.6000000000000001,0.0,0.4
0.8922610015174507,0.2886834202623676,0.2639593908629442,0.3333333333333333,0.6000000000000001,0.06666666666666667,0.0
0.8937784522003035,0.39635123845650166,0.1319796954314721,0.3333333333333333,1.0,0.0,0.2
0.8952959028831563,0.9419381787802842,0.16751269035532995,0.5555555555555556,0.4,0.13333333333333333,0.30000000000000004
0.8968133535660091,0.6389284020862969,0.3299492385786802,0.4444444444444445,0.4,0.06666666666666667,0.4
0.8983308042488619,0.9958228905597327,0.25888324873096447,0.4444444444444445,0.8,0.13333333333333333,0.1
0.8998482549317147,0.6502404660299398,0.3197969543147208,0.3333333333333333,1.0,0.06666666666666667,0.1
0.9013657056145675,0.9270473480999798,0.2893401015228426,0.3333333333333333,0.4,0.06666666666666667,0.4
0.9028831562974203,0.3983268983268984,0.19289340101522842,0.6666666666666665,0.8,0.13333333333333333,0.2
0.9044006069802731,0.7091828670776039,0.19796954314720813,0.5555555555555556,0.8,0.13333333333333333,0.0
0.9059180576631259,0.42217029059134326,0.17766497461928935,0.6666666666666665,1.0,0.13333333333333333,0.1
0.9074355083459787,0.027715685610422452,0.3096446700507614,0.4444444444444445,0.8,0.06666666666666667,0.2
0.9089529590288316,0.689494005283479,0.27411167512690354,0.5555555555555556,0.4,0.13333333333333333,0.0
0.9104704097116844,0.9936891778997042,0.3299492385786802,0.6666666666666665,1.0,0.0,0.0
0.9119878603945372,0.4056650635598005,0.15228426395939088,0.4444444444444445,0.8,0.0,0.2
0.91350531107739,0.6339045812730023,0.17258883248730966,0.6666666666666665,0.8,0.0,0.1
0.9150227617602428,0.37411095305832154,0.2893401015228426,0.5555555555555556,0.6000000000000001,0.13333333333333333,0.30000000000000004
0.9165402124430956,0.5307299780983992,0.12182741116751268,0.6666666666666665,0.6000000000000001,0.0,0.2
0.9180576631259484,0.8350719140192825,0.16751269035532995,0.4444444444444445,0.4,0.13333333333333333,0.30000000000000004
0.9195751138088012,0.233500417710944,0.30456852791878175,0.4444444444444445,0.6000000000000001,0.06666666666666667,0.30000000000000004
0.9210925644916541,0.891033891033891,0.15736040609137056,0.5555555555555556,0.6000000000000001,0.06666666666666667,0.0
0.9226100151745069,0.4298584298584299,0.2233502538071066,0.3333333333333333,0.8,0.06666666666666667,0.0
0.9241274658573597,0.0033529770371875656,0.17766497461928935,0.3333333333333333,0.6000000000000001,0.13333333333333333,0.0
0.9256449165402125,0.05631195104879316,0.18274111675126903,0.6666666666666665,0.4,0.06666666666666667,0.0
0.9271623672230653,0.7830160988055725,0.21827411167512692,0.6666666666666665,0.8,0.06666666666666667,0.30000000000000004
0.9286798179059181,0.9384497279234122,0.781725888324873,0.8888888888888888,0.2,0.9333333333333333,0.1
0.9301972685887709,0.44404931247036517,0.4619289340101523,0.8888888888888888,0.2,0.7333333333333333,0.0
0.9317147192716237,0.3246178509336404,0.8121827411167512,0.7777777777777777,0.2,0.4666666666666667,0.1
0.9332321699544766,0.7523877260719366,0.649746192893401,0.8888888888888888,0.2,0.6666666666666666,0.1
0.9347496206373294,0.8869809659283344,0.47208121827411165,1.0,0.2,0.7333333333333333,0.2
0.9362670713201822,0.9816320079477975,0.6751269035532994,0.7777777777777777,0.0,0.8666666666666667,0.0
0.937784522003035,0.48804443541285647,0.598984771573604,0.6666666666666665,0.0,0.8666666666666667,0.2
0.9393019726858878,0.41076791076791075,0.7868020304568527,0.6666666666666665,0.0,0.8666666666666667,0.0
0.9408194233687406,0.23529544582176162,0.532994923857868,1.0,0.0,1.0,0.1
0.9423368740515934,0.8233082706766918,0.8274111675126903,0.8888888888888888,0.2,0.8,0.2
0.9438543247344462,0.48150782361308675,0.8781725888324873,1.0,0.2,1.0,0.2
0.945371775417299,0.24068053015421434,0.8274111675126903,1.0,0.0,0.4666666666666667,0.0
0.9468892261001518,0.9711214974372869,0.8883248730964466,0.6666666666666665,0.0,0.7333333333333333,0.0
0.9484066767830046,0.10241820768136559,0.4467005076142132,0.7777777777777777,0.2,0.4,0.1
0.9499241274658574,0.048770575086364565,0.7766497461928933,0.8888888888888888,0.2,0.6666666666666666,0.2
0.9514415781487102,0.10561313192892141,0.7258883248730964,1.0,0.0,0.8,0.1
0.952959028831563,0.719636930163246,0.41116751269035534,0.8888888888888888,0.2,1.0,0.0
0.9544764795144158,0.7331165752218384,0.7715736040609137,0.7777777777777777,0.0,0.4666666666666667,0.2
0.9559939301972686,0.25482625482625487,0.9999999999999999,1.0,0.0,0.8666666666666667,0.0
0.9575113808801214,0.04121790963896227,0.9746192893401014,0.7777777777777777,0.0,1.0,0.0
0.9590288315629742,0.978459662670189,0.9340101522842639,0.6666666666666665,0.2,0.4666666666666667,0.0
0.960546282245827,0.055487818645713394,0.8121827411167512,0.6666666666666665,0.2,0.6666666666666666,0.1
0.9620637329286799,0.43157443157443165,0.5228426395939085,0.7777777777777777,0.0,0.5333333333333333,0.1
0.9635811836115327,0.6740838582943847,0.5634517766497461,1.0,0.2,0.4666666666666667,0.2
0.9650986342943855,0.3268531689584321,0.6243654822335025,1.0,0.2,0.5333333333333333,0.0
0.9666160849772383,0.8712885818148977,0.8629441624365481,0.8888888888888888,0.2,0.7333333333333333,0.0
0.9681335356600911,0.07081893923999186,0.7614213197969543,0.7777777777777777,0.2,0.4666666666666667,0.1
0.9696509863429439,0.8983494772968458,0.9187817258883249,0.6666666666666665,0.2,1.0,0.2
0.9711684370257967,1.0,0.6091370558375634,0.7777777777777777,0.2,1.0,0.2
0.9726858877086495,0.18003341687552213,0.715736040609137,1.0,0.0,0.6666666666666666,0.2
0.9742033383915023,0.9066585382374855,0.47715736040609136,1.0,0.2,0.6,0.2
0.9757207890743551,0.5523380523380523,0.48223350253807107,0.8888888888888888,0.0,0.5333333333333333,0.2
0.9772382397572079,0.08189392399918716,0.6294416243654821,1.0,0.2,1.0,0.1
0.9787556904400607,0.4233218180586602,0.8527918781725887,1.0,0.0,1.0,0.0
0.9802731411229135,0.5320395583553479,0.9289340101522842,0.6666666666666665,0.0,0.5333333333333333,0.1
0.9817905918057663,0.7754521438731965,0.9137055837563451,0.8888888888888888,0.0,0.6,0.2
0.9833080424886191,0.02314344419607578,0.5482233502538071,0.7777777777777777,0.2,0.4666666666666667,0.0
0.9848254931714719,0.21794350741719162,0.5532994923857867,1.0,0.2,0.5333333333333333,0.1
0.9863429438543247,0.7646481067533699,0.9746192893401014,1.0,0.2,0.8,0.2
0.9878603945371776,0.7579647316489422,0.6548223350253807,0.8888888888888888,0.2,0.8,0.2
0.9893778452200304,0.19485651064598433,0.7766497461928933,0.7777777777777777,0.2,0.5333333333333333,0.0
0.9908952959028832,0.4579128000180632,0.467005076142132,1.0,0.0,1.0,0.1
0.992412746585736,0.6151075887917994,0.8578680203045684,1.0,0.2,0.6,0.1
0.9939301972685888,0.4498069498069498,0.4873096446700507,1.0,0.2,0.6666666666666666,0.0
0.9954476479514416,0.5584569531937953,0.41116751269035534,1.0,0.2,0.8666666666666667,0.2
0.9969650986342944,0.48058208584524376,0.7208121827411167,0.7777777777777777,0.2,0.6,0.1
0.9984825493171472,0.7833773623247308,0.8578680203045684,1.0,0.2,1.0,0.0
1.0,0.7776761724130146,0.83248730964467,0.8888888888888888,0.0,0.8,0.2
