maxIteration,Clusters,Workers,ByteSize,RecordCount,FeaturesCount,ExecutionSpeed,Accuracy,Algorithm
10,2,4,320,10,3,5.858849763870239,1.7078993059985963,KMeans
10,2,4,320,10,3,3.0429182052612305,1.7078993059985963,BisectingKMeans
10,2,4,320,10,3,4.949950695037842,10.10326673823565,GaussianMixture
25,2,4,320,10,3,1.7492420673370361,1.7078993059985963,KMeans
25,2,4,320,10,3,2.1554174423217773,1.7078993059985963,BisectingKMeans
25,2,4,320,10,3,2.7159547805786133,10.10326673823565,GaussianMixture
50,2,4,320,10,3,0.8895230293273926,1.7078993059985963,KMeans
50,2,4,320,10,3,3.2963619232177734,1.7078993059985963,BisectingKMeans
50,2,4,320,10,3,0.8539261817932129,10.10326673823565,GaussianMixture
10,3,4,320,10,3,0.7740106582641602,0.8722694721863864,KMeans
10,3,4,320,10,3,1.292966365814209,0.8722694721863864,BisectingKMeans
10,3,4,320,10,3,0.9531629085540771,41.50615585420615,GaussianMixture
25,3,4,320,10,3,0.6597628593444824,0.8722694721863864,KMeans
25,3,4,320,10,3,2.545271873474121,0.8722694721863864,BisectingKMeans
25,3,4,320,10,3,1.781792402267456,41.506154490444324,GaussianMixture
50,3,4,320,10,3,0.5505650043487549,0.8722694721863864,KMeans
50,3,4,320,10,3,4.460700750350952,0.8722694721863864,BisectingKMeans
50,3,4,320,10,3,2.965073585510254,15.98336398647843,GaussianMixture
10,5,4,320,10,3,0.598992109298706,0.3081213647781678,KMeans
10,5,4,320,10,3,1.6560108661651611,0.6156151475852165,BisectingKMeans
10,5,4,320,10,3,0.6807010173797607,63.29712877293244,GaussianMixture
25,5,4,320,10,3,0.5462028980255127,0.3081213647781678,KMeans
25,5,4,320,10,3,3.2977585792541504,0.6156151475852165,BisectingKMeans
25,5,4,320,10,3,1.4341697692871094,190.63413613258498,GaussianMixture
50,5,4,320,10,3,0.4496591091156006,0.3081213647781678,KMeans
50,5,4,320,10,3,5.578871965408325,0.6156151475852165,BisectingKMeans
50,5,4,320,10,3,2.3286221027374268,43.853660157670504,GaussianMixture
10,2,4,480,10,5,0.9311983585357666,3.0253376393722684,KMeans
10,2,4,480,10,5,0.941403865814209,3.1867985983985636,BisectingKMeans
10,2,4,480,10,5,0.9137213230133057,54.139324755438665,GaussianMixture
25,2,4,480,10,5,0.647406816482544,3.0253376393722684,KMeans
25,2,4,480,10,5,1.55765700340271,3.1867985983985636,BisectingKMeans
25,2,4,480,10,5,0.7585768699645996,53.24349583048145,GaussianMixture
50,2,4,480,10,5,0.723268985748291,3.0253376393722684,KMeans
50,2,4,480,10,5,2.876453161239624,3.186798598398564,BisectingKMeans
50,2,4,480,10,5,0.6175224781036377,53.23564492236031,GaussianMixture
10,3,4,480,10,5,0.5129556655883789,1.989679420762636,KMeans
10,3,4,480,10,5,1.0244879722595215,2.389594347356381,BisectingKMeans
10,3,4,480,10,5,0.6957859992980957,10.507701401951484,GaussianMixture
25,3,4,480,10,5,0.43970155715942383,1.989679420762636,KMeans
25,3,4,480,10,5,2.5293896198272705,2.3895943473563808,BisectingKMeans
25,3,4,480,10,5,1.573749303817749,162.1860775979288,GaussianMixture
50,3,4,480,10,5,0.4924929141998291,1.989679420762636,KMeans
50,3,4,480,10,5,4.239591360092163,2.3895943473563808,BisectingKMeans
50,3,4,480,10,5,2.911992311477661,161.84844850565986,GaussianMixture
10,5,4,480,10,5,0.6418309211730957,1.0384315364048924,KMeans
10,5,4,480,10,5,1.5236713886260986,1.2213904903132426,BisectingKMeans
10,5,4,480,10,5,0.6735002994537354,78.11501693763354,GaussianMixture
25,5,4,480,10,5,0.5163421630859375,1.0384315364048924,KMeans
25,5,4,480,10,5,3.08087158203125,1.2213904903132424,BisectingKMeans
25,5,4,480,10,5,1.4317598342895508,295.0051752962181,GaussianMixture
50,5,4,480,10,5,0.5218276977539062,1.0384315364048924,KMeans
50,5,4,480,10,5,5.92109227180481,1.2213904903132426,BisectingKMeans
50,5,4,480,10,5,3.0020437240600586,60.60172853213916,GaussianMixture
10,2,4,880,10,10,0.8269796371459961,8.27495469446489,KMeans
10,2,4,880,10,10,0.871748685836792,7.548746398601093,BisectingKMeans
10,2,4,880,10,10,0.7695834636688232,0.8901902593691433,GaussianMixture
25,2,4,880,10,10,0.5581512451171875,8.27495469446489,KMeans
25,2,4,880,10,10,1.2732133865356445,7.548746398601093,BisectingKMeans
25,2,4,880,10,10,1.4231886863708496,53.76612396561734,GaussianMixture
50,2,4,880,10,10,0.5487148761749268,8.27495469446489,KMeans
50,2,4,880,10,10,2.4041450023651123,7.548746398601092,BisectingKMeans
50,2,4,880,10,10,1.9856910705566406,127.92782892049222,GaussianMixture
10,3,4,880,10,10,0.4750669002532959,5.124844711202252,KMeans
10,3,4,880,10,10,0.9629247188568115,7.050975332474332,BisectingKMeans
10,3,4,880,10,10,0.6821029186248779,-83.58164059915836,GaussianMixture
25,3,4,880,10,10,0.45875000953674316,5.124844711202252,KMeans
25,3,4,880,10,10,2.2472550868988037,7.050975332474332,BisectingKMeans
25,3,4,880,10,10,1.3834025859832764,241.52563203291004,GaussianMixture
50,3,4,880,10,10,0.45699071884155273,5.124844711202252,KMeans
50,3,4,880,10,10,3.7553982734680176,7.050975332474332,BisectingKMeans
50,3,4,880,10,10,1.0242979526519775,257.79009276367685,GaussianMixture
10,5,4,880,10,10,0.4987189769744873,3.741023054120363,KMeans
10,5,4,880,10,10,1.3422014713287354,3.9839776254678907,BisectingKMeans
10,5,4,880,10,10,0.6570069789886475,365.18852828925685,GaussianMixture
25,5,4,880,10,10,0.44348978996276855,3.7410230541203635,KMeans
25,5,4,880,10,10,2.875232458114624,3.9839776254678907,BisectingKMeans
25,5,4,880,10,10,1.3905525207519531,4.36726502522232,GaussianMixture
50,5,4,880,10,10,0.4292628765106201,3.7410230541203635,KMeans
50,5,4,880,10,10,5.299825191497803,3.9839776254678907,BisectingKMeans
50,5,4,880,10,10,2.408238172531128,389.20612827033347,GaussianMixture
10,2,4,2080,10,25,1.0280098915100098,22.36580102274362,KMeans
10,2,4,2080,10,25,0.8096065521240234,23.56171209795442,BisectingKMeans
10,2,4,2080,10,25,0.8653090000152588,-185.75616868774088,GaussianMixture
25,2,4,2080,10,25,0.8391640186309814,22.365801022743625,KMeans
25,2,4,2080,10,25,1.3508119583129883,23.56171209795442,BisectingKMeans
25,2,4,2080,10,25,1.375709056854248,-185.75616868774088,GaussianMixture
50,2,4,2080,10,25,0.8359322547912598,22.36580102274362,KMeans
50,2,4,2080,10,25,2.214432954788208,23.56171209795442,BisectingKMeans
50,2,4,2080,10,25,2.5760676860809326,6.482099874003452,GaussianMixture
10,3,4,2080,10,25,0.7638766765594482,16.12112013523324,KMeans
10,3,4,2080,10,25,1.0605247020721436,20.940175754495428,BisectingKMeans
10,3,4,2080,10,25,0.6762142181396484,113.1653113402066,GaussianMixture
25,3,4,2080,10,25,0.7011122703552246,16.12112013523324,KMeans
25,3,4,2080,10,25,2.1417109966278076,20.940175754495428,BisectingKMeans
25,3,4,2080,10,25,1.5918910503387451,68.79290396200425,GaussianMixture
50,3,4,2080,10,25,0.7475383281707764,16.12112013523324,KMeans
50,3,4,2080,10,25,3.722404718399048,20.940175754495424,BisectingKMeans
50,3,4,2080,10,25,1.4969367980957031,89.4655587123953,GaussianMixture
10,5,4,2080,10,25,0.776597261428833,11.253646181465243,KMeans
10,5,4,2080,10,25,1.4438965320587158,13.759286071642974,BisectingKMeans
10,5,4,2080,10,25,0.684920072555542,45.856802774214444,GaussianMixture
25,5,4,2080,10,25,0.7910840511322021,11.253646181465243,KMeans
25,5,4,2080,10,25,2.938352584838867,13.759286071642974,BisectingKMeans
25,5,4,2080,10,25,1.3984549045562744,187.58944709352474,GaussianMixture
50,5,4,2080,10,25,0.8687498569488525,11.253646181465243,KMeans
50,5,4,2080,10,25,6.082420110702515,13.759286071642974,BisectingKMeans
50,5,4,2080,10,25,2.7162418365478516,186.6729656802615,GaussianMixture
10,2,4,800,25,3,0.600257396697998,4.31763453208647,KMeans
10,2,4,800,25,3,0.45447206497192383,4.900612471652054,BisectingKMeans
10,2,4,800,25,3,0.6103987693786621,-7.235587363426346,GaussianMixture
25,2,4,800,25,3,0.5336716175079346,4.317634532086471,KMeans
25,2,4,800,25,3,1.0062072277069092,4.900612471652053,BisectingKMeans
25,2,4,800,25,3,0.48052406311035156,-7.235587363426324,GaussianMixture
50,2,4,800,25,3,0.4552340507507324,4.31763453208647,KMeans
50,2,4,800,25,3,1.9735431671142578,4.900612471652054,BisectingKMeans
50,2,4,800,25,3,0.6271848678588867,-7.235587363426354,GaussianMixture
10,3,4,800,25,3,0.8514721393585205,2.960229676314799,KMeans
10,3,4,800,25,3,2.3827879428863525,3.634330126651935,BisectingKMeans
10,3,4,800,25,3,2.9670181274414062,11.505639430274085,GaussianMixture
25,3,4,800,25,3,1.3842685222625732,2.960229676314799,KMeans
25,3,4,800,25,3,8.407549381256104,3.6343301266519354,BisectingKMeans
25,3,4,800,25,3,13.41018795967102,12.645815189201086,GaussianMixture
50,3,4,800,25,3,7.967012882232666,3.3312443274003334,KMeans
50,3,4,800,25,3,7.67999529838562,3.1610838262671113,BisectingKMeans
50,3,4,800,25,3,6.298876762390137,6.457128276627789,GaussianMixture
10,5,4,800,25,3,1.2553505897521973,1.574854282714881,KMeans
10,5,4,800,25,3,2.1288797855377197,1.6586822394158136,BisectingKMeans
10,5,4,800,25,3,2.54190993309021,23.217107921373525,GaussianMixture
25,5,4,800,25,3,1.4211483001708984,1.574854282714881,KMeans
25,5,4,800,25,3,3.8683767318725586,1.6586822394158136,BisectingKMeans
25,5,4,800,25,3,1.9654803276062012,33.09478266100342,GaussianMixture
50,5,4,800,25,3,0.9182572364807129,1.574854282714881,KMeans
50,5,4,800,25,3,6.603346347808838,1.6586822394158136,BisectingKMeans
50,5,4,800,25,3,1.5996739864349365,33.09478266100342,GaussianMixture
10,2,4,1200,25,5,1.3823730945587158,7.781780142299574,KMeans
10,2,4,1200,25,5,0.9622657299041748,7.77044093580535,BisectingKMeans
10,2,4,1200,25,5,0.9990935325622559,10.470956733069059,GaussianMixture
25,2,4,1200,25,5,0.9982931613922119,7.781780142299573,KMeans
25,2,4,1200,25,5,1.7287688255310059,7.77044093580535,BisectingKMeans
25,2,4,1200,25,5,0.8397617340087891,10.470956733069064,GaussianMixture
50,2,4,1200,25,5,0.939497709274292,7.781780142299574,KMeans
50,2,4,1200,25,5,3.047513484954834,7.77044093580535,BisectingKMeans
50,2,4,1200,25,5,0.776411771774292,10.470956733069041,GaussianMixture
10,3,4,1200,25,5,0.8679225444793701,6.198238198674391,KMeans
10,3,4,1200,25,5,1.2740001678466797,6.1940766992504885,BisectingKMeans
10,3,4,1200,25,5,0.8665575981140137,37.49259942416042,GaussianMixture
25,3,4,1200,25,5,0.9567897319793701,6.198238198674391,KMeans
25,3,4,1200,25,5,3.021744728088379,6.194076699250488,BisectingKMeans
25,3,4,1200,25,5,0.9460289478302002,37.49884422204799,GaussianMixture
50,3,4,1200,25,5,0.7887520790100098,6.198238198674391,KMeans
50,3,4,1200,25,5,5.2543723583221436,6.1940766992504885,BisectingKMeans
50,3,4,1200,25,5,1.0300192832946777,37.49884422204801,GaussianMixture
10,5,4,1200,25,5,0.7686765193939209,4.169496052530286,KMeans
10,5,4,1200,25,5,2.1239984035491943,4.16949445622395,BisectingKMeans
10,5,4,1200,25,5,1.0388131141662598,232.57125435731328,GaussianMixture
25,5,4,1200,25,5,0.7261238098144531,4.169496052530286,KMeans
25,5,4,1200,25,5,3.9962761402130127,4.169494456223951,BisectingKMeans
25,5,4,1200,25,5,1.570066213607788,167.2489370817071,GaussianMixture
50,5,4,1200,25,5,0.5929419994354248,4.169496052530286,KMeans
50,5,4,1200,25,5,6.230642080307007,4.169494456223951,BisectingKMeans
50,5,4,1200,25,5,2.805400848388672,214.95553949285878,GaussianMixture
10,2,4,2200,25,10,1.1443562507629395,15.962738913068932,KMeans
10,2,4,2200,25,10,0.7242248058319092,16.095525612354244,BisectingKMeans
10,2,4,2200,25,10,0.6122920513153076,57.326785999565054,GaussianMixture
25,2,4,2200,25,10,0.5654668807983398,15.962738913068932,KMeans
25,2,4,2200,25,10,1.319965124130249,16.095525612354244,BisectingKMeans
25,2,4,2200,25,10,0.5945358276367188,57.326785999565004,GaussianMixture
50,2,4,2200,25,10,0.5444192886352539,15.962738913068929,KMeans
50,2,4,2200,25,10,2.1768124103546143,16.095525612354244,BisectingKMeans
50,2,4,2200,25,10,0.5897307395935059,57.326785999565075,GaussianMixture
10,3,4,2200,25,10,0.5966567993164062,13.657021713048238,KMeans
10,3,4,2200,25,10,1.0841212272644043,13.974140745724803,BisectingKMeans
10,3,4,2200,25,10,0.8269045352935791,-15.160325244121761,GaussianMixture
25,3,4,2200,25,10,0.5340659618377686,13.657021713048238,KMeans
25,3,4,2200,25,10,2.3355188369750977,13.974140745724803,BisectingKMeans
25,3,4,2200,25,10,1.6302711963653564,252.31369322923211,GaussianMixture
50,3,4,2200,25,10,0.5501182079315186,13.657021713048238,KMeans
50,3,4,2200,25,10,3.9253761768341064,13.974140745724805,BisectingKMeans
50,3,4,2200,25,10,2.772270441055298,-15.160325208982462,GaussianMixture
10,5,4,2200,25,10,0.8170301914215088,10.606166269672116,KMeans
10,5,4,2200,25,10,1.3884861469268799,10.922803689817831,BisectingKMeans
10,5,4,2200,25,10,0.6669013500213623,16.681634985384065,GaussianMixture
25,5,4,2200,25,10,0.5657658576965332,10.606166269672116,KMeans
25,5,4,2200,25,10,3.031360626220703,10.922803689817831,BisectingKMeans
25,5,4,2200,25,10,1.2865004539489746,125.18411785180338,GaussianMixture
50,5,4,2200,25,10,0.49508118629455566,10.606166269672116,KMeans
50,5,4,2200,25,10,5.5017266273498535,10.922803689817833,BisectingKMeans
50,5,4,2200,25,10,2.375859498977661,362.33907978014275,GaussianMixture
10,2,4,5200,25,25,0.9881198406219482,39.351934945218005,KMeans
10,2,4,5200,25,25,0.8437190055847168,38.80871475560849,BisectingKMeans
10,2,4,5200,25,25,0.8081226348876953,1137.8033166067896,GaussianMixture
25,2,4,5200,25,25,0.7863733768463135,39.35193494521801,KMeans
25,2,4,5200,25,25,1.2933366298675537,38.80871475560849,BisectingKMeans
25,2,4,5200,25,25,1.5139508247375488,-88.31106639240511,GaussianMixture
50,2,4,5200,25,25,0.7678892612457275,39.35193494521801,KMeans
50,2,4,5200,25,25,2.382641315460205,38.80871475560849,BisectingKMeans
50,2,4,5200,25,25,3.0742533206939697,1137.8032978365845,GaussianMixture
10,3,4,5200,25,25,0.8379826545715332,35.52834153686814,KMeans
10,3,4,5200,25,25,1.252565860748291,36.679374972791344,BisectingKMeans
10,3,4,5200,25,25,0.8295114040374756,134.0368884039686,GaussianMixture
25,3,4,5200,25,25,0.8484671115875244,35.52834153686813,KMeans
25,3,4,5200,25,25,2.311830520629883,36.67937497279135,BisectingKMeans
25,3,4,5200,25,25,1.4094960689544678,518.3913133169261,GaussianMixture
50,3,4,5200,25,25,0.795320987701416,35.52834153686814,KMeans
50,3,4,5200,25,25,3.945873737335205,36.679374972791344,BisectingKMeans
50,3,4,5200,25,25,2.4777963161468506,1330.6113711363446,GaussianMixture
10,5,4,5200,25,25,0.7383580207824707,29.457848380695452,KMeans
10,5,4,5200,25,25,1.3995084762573242,31.777596088085037,BisectingKMeans
10,5,4,5200,25,25,0.7190544605255127,69.36489995805623,GaussianMixture
25,5,4,5200,25,25,0.8608922958374023,29.45784838069545,KMeans
25,5,4,5200,25,25,3.6556899547576904,31.777596088085033,BisectingKMeans
25,5,4,5200,25,25,1.487703800201416,1882.6121571232031,GaussianMixture
50,5,4,5200,25,25,0.829200029373169,29.45784838069545,KMeans
50,5,4,5200,25,25,6.41384744644165,31.777596088085037,BisectingKMeans
50,5,4,5200,25,25,2.6089916229248047,1155.4227088176326,GaussianMixture
10,2,4,3200,100,3,0.6649477481842041,11.231858929728768,KMeans
10,2,4,3200,100,3,0.5222084522247314,11.455644996017947,BisectingKMeans
10,2,4,3200,100,3,0.9343118667602539,43.330414839581444,GaussianMixture
25,2,4,3200,100,3,6.535060405731201,17.103585069190206,KMeans
25,2,4,3200,100,3,2.88539457321167,16.088823946586707,BisectingKMeans
25,2,4,3200,100,3,7.230818271636963,-35.86434869100885,GaussianMixture
50,2,4,3200,100,3,1.669966459274292,17.103585069190206,KMeans
50,2,4,3200,100,3,3.1873390674591064,16.088823946586707,BisectingKMeans
50,2,4,3200,100,3,4.245075464248657,-33.13601382592705,GaussianMixture
10,3,4,3200,100,3,1.44873046875,12.021707727107348,KMeans
10,3,4,3200,100,3,1.2012042999267578,12.51178872545853,BisectingKMeans
10,3,4,3200,100,3,1.001523733139038,-20.376541640245094,GaussianMixture
25,3,4,3200,100,3,1.2008023262023926,11.902578070631524,KMeans
25,3,4,3200,100,3,2.2637336254119873,12.51178872545853,BisectingKMeans
25,3,4,3200,100,3,1.7777602672576904,-19.62727745326869,GaussianMixture
50,3,4,3200,100,3,1.2575311660766602,11.902578070631524,KMeans
50,3,4,3200,100,3,3.834747076034546,12.51178872545853,BisectingKMeans
50,3,4,3200,100,3,1.336937665939331,-19.62727745326869,GaussianMixture
10,5,4,3200,100,3,1.1043641567230225,7.845025554530784,KMeans
10,5,4,3200,100,3,1.4173016548156738,8.58902447671776,BisectingKMeans
10,5,4,3200,100,3,0.6695888042449951,-12.11201308526995,GaussianMixture
25,5,4,3200,100,3,0.9801895618438721,7.72890260529352,KMeans
25,5,4,3200,100,3,3.2600057125091553,8.58902447671776,BisectingKMeans
25,5,4,3200,100,3,1.3064196109771729,7.006342684690327,GaussianMixture
50,5,4,3200,100,3,0.899367094039917,7.72890260529352,KMeans
50,5,4,3200,100,3,4.962782382965088,8.58902447671776,BisectingKMeans
50,5,4,3200,100,3,1.713881015777588,9.159689538175037,GaussianMixture
10,2,4,4800,100,5,1.0487358570098877,18.89420292596505,KMeans
10,2,4,4800,100,5,0.7486097812652588,21.173990969047104,BisectingKMeans
10,2,4,4800,100,5,0.8040456771850586,120.94934202704474,GaussianMixture
25,2,4,4800,100,5,0.7955758571624756,18.894202925965047,KMeans
25,2,4,4800,100,5,1.4401962757110596,21.173990969047107,BisectingKMeans
25,2,4,4800,100,5,1.0782668590545654,121.00176988492687,GaussianMixture
50,2,4,4800,100,5,0.7456297874450684,18.89420292596505,KMeans
50,2,4,4800,100,5,2.4213366508483887,21.173990969047107,BisectingKMeans
50,2,4,4800,100,5,0.9930169582366943,121.00176988492689,GaussianMixture
10,3,4,4800,100,5,0.7191791534423828,15.367378939737497,KMeans
10,3,4,4800,100,5,1.011138916015625,16.558442777998163,BisectingKMeans
10,3,4,4800,100,5,0.871002197265625,116.60235884554999,GaussianMixture
25,3,4,4800,100,5,0.6844797134399414,15.367378939737497,KMeans
25,3,4,4800,100,5,2.5386576652526855,16.558442777998163,BisectingKMeans
25,3,4,4800,100,5,1.4192330837249756,128.41534072641085,GaussianMixture
50,3,4,4800,100,5,0.6797046661376953,15.367378939737497,KMeans
50,3,4,4800,100,5,4.3124964237213135,16.558442777998163,BisectingKMeans
50,3,4,4800,100,5,1.529381513595581,128.47234576931882,GaussianMixture
10,5,4,4800,100,5,0.7333660125732422,11.725075353281138,KMeans
10,5,4,4800,100,5,1.5048754215240479,13.44512763154329,BisectingKMeans
10,5,4,4800,100,5,0.6000816822052002,179.8181871594961,GaussianMixture
25,5,4,4800,100,5,0.7337856292724609,11.725075353281136,KMeans
25,5,4,4800,100,5,2.843625783920288,13.411003417007745,BisectingKMeans
25,5,4,4800,100,5,1.3427765369415283,191.0865268265855,GaussianMixture
50,5,4,4800,100,5,0.7892735004425049,11.725075353281136,KMeans
50,5,4,4800,100,5,5.893831014633179,13.411003417007745,BisectingKMeans
50,5,4,4800,100,5,1.2602829933166504,191.08652682658555,GaussianMixture
10,2,4,8800,100,10,1.0028212070465088,52.81455339863816,KMeans
10,2,4,8800,100,10,0.5895063877105713,53.00962758882804,BisectingKMeans
10,2,4,8800,100,10,0.6429152488708496,92.03722493577405,GaussianMixture
25,2,4,8800,100,10,0.7119076251983643,52.814553398638154,KMeans
25,2,4,8800,100,10,1.051354169845581,53.00962758882803,BisectingKMeans
25,2,4,8800,100,10,0.9058740139007568,92.19626903158513,GaussianMixture
50,2,4,8800,100,10,0.8016095161437988,52.814553398638154,KMeans
50,2,4,8800,100,10,2.177687644958496,53.00962758882804,BisectingKMeans
50,2,4,8800,100,10,0.9834623336791992,92.19626903158515,GaussianMixture
10,3,4,8800,100,10,0.7152950763702393,47.09016488457242,KMeans
10,3,4,8800,100,10,0.9488170146942139,48.839941975244784,BisectingKMeans
10,3,4,8800,100,10,0.6452698707580566,134.99166340490393,GaussianMixture
25,3,4,8800,100,10,0.7773549556732178,47.090164884572424,KMeans
25,3,4,8800,100,10,2.03696608543396,48.83994197524479,BisectingKMeans
25,3,4,8800,100,10,0.8374831676483154,135.209173236752,GaussianMixture
50,3,4,8800,100,10,0.7902777194976807,47.090164884572424,KMeans
50,3,4,8800,100,10,3.6854236125946045,48.8399419752448,BisectingKMeans
50,3,4,8800,100,10,0.8114907741546631,135.20917323675195,GaussianMixture
10,5,4,8800,100,10,0.6713507175445557,40.356102200648415,KMeans
10,5,4,8800,100,10,1.2338309288024902,43.032218577148015,BisectingKMeans
10,5,4,8800,100,10,0.6052274703979492,278.9165461030485,GaussianMixture
25,5,4,8800,100,10,0.6771032810211182,40.35610220064841,KMeans
25,5,4,8800,100,10,2.968602180480957,43.032218577148015,BisectingKMeans
25,5,4,8800,100,10,1.378335952758789,297.8479385233112,GaussianMixture
50,5,4,8800,100,10,0.6408340930938721,40.356102200648415,KMeans
50,5,4,8800,100,10,5.198211908340454,43.032218577148015,BisectingKMeans
50,5,4,8800,100,10,1.1616430282592773,297.84793852331126,GaussianMixture
10,2,4,20800,100,25,1.1234843730926514,130.50087464624943,KMeans
10,2,4,20800,100,25,0.7676718235015869,128.76523048134413,BisectingKMeans
10,2,4,20800,100,25,0.6440727710723877,655.1585092115246,GaussianMixture
25,2,4,20800,100,25,0.8882789611816406,130.50087464624943,KMeans
25,2,4,20800,100,25,1.2501118183135986,128.76523048134413,BisectingKMeans
25,2,4,20800,100,25,0.5852186679840088,655.1585092115246,GaussianMixture
50,2,4,20800,100,25,0.9011082649230957,130.50087464624943,KMeans
50,2,4,20800,100,25,2.2003800868988037,128.7652304813441,BisectingKMeans
50,2,4,20800,100,25,0.6183876991271973,655.1585092115242,GaussianMixture
10,3,4,20800,100,25,1.0699901580810547,123.86331627221857,KMeans
10,3,4,20800,100,25,1.330578327178955,124.33279961428737,BisectingKMeans
10,3,4,20800,100,25,0.7259933948516846,514.0843657386024,GaussianMixture
25,3,4,20800,100,25,1.1085846424102783,123.86331627221858,KMeans
25,3,4,20800,100,25,2.177178144454956,124.33279961428737,BisectingKMeans
25,3,4,20800,100,25,1.587980031967163,2308.7706679104617,GaussianMixture
50,3,4,20800,100,25,1.197666883468628,123.86331627221858,KMeans
50,3,4,20800,100,25,4.038182258605957,124.33279961428737,BisectingKMeans
50,3,4,20800,100,25,2.549818992614746,507.9366796512535,GaussianMixture
10,5,4,20800,100,25,0.9173533916473389,114.68750628470931,KMeans
10,5,4,20800,100,25,1.3688304424285889,117.9909615181348,BisectingKMeans
10,5,4,20800,100,25,0.7558393478393555,3183.4416805886026,GaussianMixture
25,5,4,20800,100,25,0.8961536884307861,114.6875062847093,KMeans
25,5,4,20800,100,25,2.760920524597168,117.9909615181348,BisectingKMeans
25,5,4,20800,100,25,1.3523907661437988,1933.371118124738,GaussianMixture
50,5,4,20800,100,25,0.7933816909790039,114.6875062847093,KMeans
50,5,4,20800,100,25,4.862269163131714,117.99096151813481,BisectingKMeans
50,5,4,20800,100,25,2.321965217590332,1435.776484128747,GaussianMixture
10,2,4,16000,500,3,0.8550372123718262,30.533613300783397,KMeans
10,2,4,16000,500,3,0.6329832077026367,30.533613300783397,BisectingKMeans
10,2,4,16000,500,3,0.7707509994506836,584.2412026195348,GaussianMixture
25,2,4,16000,500,3,0.6417605876922607,30.533613300783397,KMeans
25,2,4,16000,500,3,1.0367753505706787,30.533613300783394,BisectingKMeans
25,2,4,16000,500,3,1.2945845127105713,590.5890871638978,GaussianMixture
50,2,4,16000,500,3,0.7189629077911377,30.533613300783397,KMeans
50,2,4,16000,500,3,2.171346426010132,30.533613300783397,BisectingKMeans
50,2,4,16000,500,3,1.9305779933929443,591.3454281405893,GaussianMixture
10,3,4,16000,500,3,0.627617359161377,24.567111191822406,KMeans
10,3,4,16000,500,3,0.8064279556274414,26.067162512114507,BisectingKMeans
10,3,4,16000,500,3,0.6326603889465332,606.2264327762026,GaussianMixture
25,3,4,16000,500,3,0.735875129699707,24.567111191822406,KMeans
25,3,4,16000,500,3,2.507852792739868,25.96860964605135,BisectingKMeans
25,3,4,16000,500,3,1.0308990478515625,639.6368745260295,GaussianMixture
50,3,4,16000,500,3,6.880936861038208,33.96178768226923,KMeans
50,3,4,16000,500,3,8.223537683486938,36.23320552050488,BisectingKMeans
50,3,4,16000,500,3,8.39877986907959,412.846427655167,GaussianMixture
10,5,4,16000,500,3,1.1240744590759277,24.660719865139413,KMeans
10,5,4,16000,500,3,1.862562894821167,28.78806153036228,BisectingKMeans
10,5,4,16000,500,3,2.371551275253296,409.26325590625027,GaussianMixture
25,5,4,16000,500,3,1.0462098121643066,24.660719865139413,KMeans
25,5,4,16000,500,3,3.3261568546295166,27.293520883641797,BisectingKMeans
25,5,4,16000,500,3,1.8602790832519531,443.0992681865505,GaussianMixture
50,5,4,16000,500,3,1.2361104488372803,24.660719865139413,KMeans
50,5,4,16000,500,3,6.027430534362793,27.293520883641797,BisectingKMeans
50,5,4,16000,500,3,2.6029176712036133,450.35588911858275,GaussianMixture
10,2,4,24000,500,5,1.8795552253723145,95.13940405368537,KMeans
10,2,4,24000,500,5,1.0146961212158203,95.63491016107359,BisectingKMeans
10,2,4,24000,500,5,1.0522842407226562,515.264496183874,GaussianMixture
25,2,4,24000,500,5,1.490621566772461,95.02759516356946,KMeans
25,2,4,24000,500,5,1.6477141380310059,95.61786313617687,BisectingKMeans
25,2,4,24000,500,5,1.6334538459777832,516.0602519619591,GaussianMixture
50,2,4,24000,500,5,1.3522498607635498,95.02759516356946,KMeans
50,2,4,24000,500,5,2.484508752822876,95.61786313617687,BisectingKMeans
50,2,4,24000,500,5,1.3411540985107422,516.060251961959,GaussianMixture
10,3,4,24000,500,5,0.8635110855102539,74.63825890168516,KMeans
10,3,4,24000,500,5,1.1424100399017334,78.27336359361152,BisectingKMeans
10,3,4,24000,500,5,0.734222412109375,558.2718913819957,GaussianMixture
25,3,4,24000,500,5,0.8786780834197998,74.63825890168516,KMeans
25,3,4,24000,500,5,2.35007905960083,78.30156798527688,BisectingKMeans
25,3,4,24000,500,5,1.5308837890625,566.084137034621,GaussianMixture
50,3,4,24000,500,5,0.9862194061279297,74.63825890168516,KMeans
50,3,4,24000,500,5,4.4903059005737305,78.30156798527688,BisectingKMeans
50,3,4,24000,500,5,2.27044939994812,566.2985766213263,GaussianMixture
10,5,4,24000,500,5,1.080937385559082,60.247597097440696,KMeans
10,5,4,24000,500,5,1.8685333728790283,61.2529334771228,BisectingKMeans
10,5,4,24000,500,5,0.7403037548065186,618.4778918309535,GaussianMixture
25,5,4,24000,500,5,1.1414504051208496,60.14634085792312,KMeans
25,5,4,24000,500,5,3.2331345081329346,61.30451409974681,BisectingKMeans
25,5,4,24000,500,5,1.6620545387268066,631.7794289272275,GaussianMixture
50,5,4,24000,500,5,1.1027703285217285,60.14634085792312,KMeans
50,5,4,24000,500,5,5.537005424499512,61.304514099746804,BisectingKMeans
50,5,4,24000,500,5,2.2916831970214844,633.1657408481644,GaussianMixture
10,2,4,44000,500,10,1.0857195854187012,127.12732598085807,KMeans
10,2,4,44000,500,10,0.6657040119171143,127.12176413656454,BisectingKMeans
10,2,4,44000,500,10,0.7793066501617432,1993.6687014239055,GaussianMixture
25,2,4,44000,500,10,0.8679618835449219,127.12732598085807,KMeans
25,2,4,44000,500,10,1.2109472751617432,127.12176413656454,BisectingKMeans
25,2,4,44000,500,10,1.5998802185058594,2008.1892540580934,GaussianMixture
50,2,4,44000,500,10,0.8826308250427246,127.12732598085807,KMeans
50,2,4,44000,500,10,2.2334277629852295,127.12176413656454,BisectingKMeans
50,2,4,44000,500,10,2.1426706314086914,2010.0675230153975,GaussianMixture
10,3,4,44000,500,10,0.9360671043395996,121.77067988529272,KMeans
10,3,4,44000,500,10,0.97859787940979,120.8329786048262,BisectingKMeans
10,3,4,44000,500,10,0.6332824230194092,2133.4606647678957,GaussianMixture
25,3,4,44000,500,10,0.7431762218475342,121.77067988529272,KMeans
25,3,4,44000,500,10,2.0382392406463623,120.83297860482622,BisectingKMeans
25,3,4,44000,500,10,1.4136505126953125,2142.012217122002,GaussianMixture
50,3,4,44000,500,10,0.828711986541748,121.77067988529274,KMeans
50,3,4,44000,500,10,3.732529640197754,120.83297860482622,BisectingKMeans
50,3,4,44000,500,10,2.42321515083313,2147.874219791429,GaussianMixture
10,5,4,44000,500,10,0.9142215251922607,109.41766820898285,KMeans
10,5,4,44000,500,10,1.3517391681671143,112.39878317482979,BisectingKMeans
10,5,4,44000,500,10,0.5991015434265137,2256.3789668135205,GaussianMixture
25,5,4,44000,500,10,1.5727016925811768,108.46051625318623,KMeans
25,5,4,44000,500,10,2.911010503768921,109.90078400799437,BisectingKMeans
25,5,4,44000,500,10,1.3327617645263672,2286.516659126655,GaussianMixture
50,5,4,44000,500,10,1.7553648948669434,108.31948658519903,KMeans
50,5,4,44000,500,10,5.759658575057983,109.60975378843433,BisectingKMeans
50,5,4,44000,500,10,3.1405887603759766,2302.5997426230765,GaussianMixture
10,2,4,104000,500,25,1.2454252243041992,680.4601526806737,KMeans
10,2,4,104000,500,25,0.8089253902435303,680.1291845159636,BisectingKMeans
10,2,4,104000,500,25,0.922691822052002,1598.525185449349,GaussianMixture
25,2,4,104000,500,25,1.751420021057129,679.840116420434,KMeans
25,2,4,104000,500,25,1.3877263069152832,678.7562748625867,BisectingKMeans
25,2,4,104000,500,25,1.5904347896575928,1616.518585539613,GaussianMixture
50,2,4,104000,500,25,1.5763602256774902,679.840116420434,KMeans
50,2,4,104000,500,25,2.3799948692321777,678.7562748625866,BisectingKMeans
50,2,4,104000,500,25,1.79683518409729,1618.2548233496536,GaussianMixture
10,3,4,104000,500,25,1.2056236267089844,653.0555545880893,KMeans
10,3,4,104000,500,25,1.0960595607757568,659.9016138222242,BisectingKMeans
10,3,4,104000,500,25,0.7520968914031982,1879.3037778570178,GaussianMixture
25,3,4,104000,500,25,1.776362657546997,650.9476917845396,KMeans
25,3,4,104000,500,25,2.089362859725952,659.8877693906893,BisectingKMeans
25,3,4,104000,500,25,1.7979660034179688,1912.4842555599446,GaussianMixture
50,3,4,104000,500,25,2.570652484893799,650.5553033023058,KMeans
50,3,4,104000,500,25,4.879202604293823,659.8877693906893,BisectingKMeans
50,3,4,104000,500,25,2.593682050704956,1915.1854664891296,GaussianMixture
10,5,4,104000,500,25,1.1014468669891357,620.3977169772945,KMeans
10,5,4,104000,500,25,1.5055971145629883,629.054789002384,BisectingKMeans
10,5,4,104000,500,25,0.732745885848999,2560.4898670053426,GaussianMixture
25,5,4,104000,500,25,1.0342531204223633,620.2628575937117,KMeans
25,5,4,104000,500,25,2.923473834991455,627.9086289708393,BisectingKMeans
25,5,4,104000,500,25,1.3126788139343262,2617.5954777062752,GaussianMixture
50,5,4,104000,500,25,1.1317896842956543,620.2628575937117,KMeans
50,5,4,104000,500,25,5.733111381530762,627.9086289708393,BisectingKMeans
50,5,4,104000,500,25,2.235867738723755,2631.118314876704,GaussianMixture
10,2,4,32000,1000,3,0.8291821479797363,54.15191308251461,KMeans
10,2,4,32000,1000,3,0.6718275547027588,54.15191308251461,BisectingKMeans
10,2,4,32000,1000,3,5.381232261657715,1385.408142303134,GaussianMixture
25,2,4,32000,1000,3,7.036166429519653,130.85649945376792,KMeans
25,2,4,32000,1000,3,3.623959541320801,131.28622452383328,BisectingKMeans
25,2,4,32000,1000,3,7.139298915863037,130.64510297533462,GaussianMixture
50,2,4,32000,1000,3,2.0608155727386475,130.85649945376792,KMeans
50,2,4,32000,1000,3,3.1709630489349365,131.28622452383328,BisectingKMeans
50,2,4,32000,1000,3,5.5135369300842285,133.12993074043735,GaussianMixture
10,3,4,32000,1000,3,1.7985730171203613,92.79390673902259,KMeans
10,3,4,32000,1000,3,1.4315922260284424,98.73461012789795,BisectingKMeans
10,3,4,32000,1000,3,0.9396038055419922,122.47346509657868,GaussianMixture
25,3,4,32000,1000,3,1.6002776622772217,92.67228728611059,KMeans
25,3,4,32000,1000,3,2.4998459815979004,98.73461012789795,BisectingKMeans
25,3,4,32000,1000,3,1.5241162776947021,130.17553412512137,GaussianMixture
50,3,4,32000,1000,3,1.3969180583953857,92.67228728611059,KMeans
50,3,4,32000,1000,3,4.067337274551392,98.73461012789795,BisectingKMeans
50,3,4,32000,1000,3,2.9285640716552734,169.09821296321442,GaussianMixture
10,5,4,32000,1000,3,1.0136439800262451,60.70330388694815,KMeans
10,5,4,32000,1000,3,1.3946325778961182,61.74435476274647,BisectingKMeans
10,5,4,32000,1000,3,0.6883175373077393,225.33128016951042,GaussianMixture
25,5,4,32000,1000,3,1.2566144466400146,59.80190612775709,KMeans
25,5,4,32000,1000,3,2.819148540496826,61.69116923086257,BisectingKMeans
25,5,4,32000,1000,3,1.4354896545410156,258.77569070448476,GaussianMixture
50,5,4,32000,1000,3,1.1739120483398438,59.80190612775709,KMeans
50,5,4,32000,1000,3,5.552704334259033,61.69116923086257,BisectingKMeans
50,5,4,32000,1000,3,2.6902830600738525,264.1191452019178,GaussianMixture
10,2,4,48000,1000,5,1.5997390747070312,152.93565185639034,KMeans
10,2,4,48000,1000,5,0.9812865257263184,152.92405243304194,BisectingKMeans
10,2,4,48000,1000,5,1.0466735363006592,1859.7085225976812,GaussianMixture
25,2,4,48000,1000,5,1.474517822265625,152.9191272356685,KMeans
25,2,4,48000,1000,5,1.5515131950378418,152.91912723566847,BisectingKMeans
25,2,4,48000,1000,5,1.5822689533233643,1861.5376905031508,GaussianMixture
50,2,4,48000,1000,5,1.1579256057739258,152.9191272356685,KMeans
50,2,4,48000,1000,5,2.4958431720733643,152.91912723566847,BisectingKMeans
50,2,4,48000,1000,5,1.6468706130981445,1861.5376905031494,GaussianMixture
10,3,4,48000,1000,5,0.974484920501709,116.90714202171321,KMeans
10,3,4,48000,1000,5,0.9695250988006592,123.69499419702453,BisectingKMeans
10,3,4,48000,1000,5,0.787365198135376,2039.1186892837356,GaussianMixture
25,3,4,48000,1000,5,1.3005709648132324,116.584092058501,KMeans
25,3,4,48000,1000,5,2.4971251487731934,123.92829084332706,BisectingKMeans
25,3,4,48000,1000,5,1.7378716468811035,2067.49743964783,GaussianMixture
50,3,4,48000,1000,5,1.2465031147003174,116.584092058501,KMeans
50,3,4,48000,1000,5,3.914201021194458,123.92829084332705,BisectingKMeans
50,3,4,48000,1000,5,2.569248676300049,2082.727454299745,GaussianMixture
10,5,4,48000,1000,5,0.9646396636962891,88.27832007040934,KMeans
10,5,4,48000,1000,5,1.384913444519043,89.84297976078733,BisectingKMeans
10,5,4,48000,1000,5,0.667621374130249,2225.6863031106877,GaussianMixture
25,5,4,48000,1000,5,0.9080407619476318,88.27832007040934,KMeans
25,5,4,48000,1000,5,3.025827646255493,89.75756014335761,BisectingKMeans
25,5,4,48000,1000,5,1.3444488048553467,2254.247615355899,GaussianMixture
50,5,4,48000,1000,5,0.9726593494415283,88.27832007040934,KMeans
50,5,4,48000,1000,5,6.006831407546997,89.75756014335761,BisectingKMeans
50,5,4,48000,1000,5,2.6112310886383057,2261.6173679755207,GaussianMixture
10,2,4,88000,1000,10,1.1555194854736328,325.41877716084025,KMeans
10,2,4,88000,1000,10,0.6561450958251953,325.4180304163527,BisectingKMeans
10,2,4,88000,1000,10,0.7317972183227539,4008.6742708899524,GaussianMixture
25,2,4,88000,1000,10,0.8873035907745361,325.41877716084025,KMeans
25,2,4,88000,1000,10,1.1117477416992188,325.4180304163527,BisectingKMeans
25,2,4,88000,1000,10,1.3393957614898682,4043.82700973358,GaussianMixture
50,2,4,88000,1000,10,0.8780407905578613,325.41877716084025,KMeans
50,2,4,88000,1000,10,2.2105913162231445,325.4180304163527,BisectingKMeans
50,2,4,88000,1000,10,1.409982442855835,4043.827009733578,GaussianMixture
10,3,4,88000,1000,10,0.9594540596008301,290.04825100397096,KMeans
10,3,4,88000,1000,10,1.1943321228027344,292.271132367424,BisectingKMeans
10,3,4,88000,1000,10,0.615736722946167,4220.82102819321,GaussianMixture
25,3,4,88000,1000,10,1.3958234786987305,288.9593548235428,KMeans
25,3,4,88000,1000,10,2.0795505046844482,292.271132367424,BisectingKMeans
25,3,4,88000,1000,10,1.3607027530670166,4274.278830325159,GaussianMixture
50,3,4,88000,1000,10,1.4232172966003418,288.9593548235428,KMeans
50,3,4,88000,1000,10,3.839285373687744,292.271132367424,BisectingKMeans
50,3,4,88000,1000,10,2.381060838699341,4307.121085670932,GaussianMixture
10,5,4,88000,1000,10,0.9029200077056885,236.8157930568237,KMeans
10,5,4,88000,1000,10,1.448214054107666,242.23569783320804,BisectingKMeans
10,5,4,88000,1000,10,0.651519775390625,4483.754970689755,GaussianMixture
25,5,4,88000,1000,10,1.250856876373291,236.68527442537703,KMeans
25,5,4,88000,1000,10,2.770122528076172,242.2317583043841,BisectingKMeans
25,5,4,88000,1000,10,1.1784896850585938,4555.828065745314,GaussianMixture
50,5,4,88000,1000,10,1.1631603240966797,236.685274425377,KMeans
50,5,4,88000,1000,10,5.268542289733887,242.23175830438407,BisectingKMeans
50,5,4,88000,1000,10,2.412566661834717,4612.612009038984,GaussianMixture
10,2,4,208000,1000,25,1.2511141300201416,1086.2201378545979,KMeans
10,2,4,208000,1000,25,0.6418511867523193,1085.631089144637,BisectingKMeans
10,2,4,208000,1000,25,0.8186285495758057,6862.631755623567,GaussianMixture
25,2,4,208000,1000,25,1.8690416812896729,1084.1385713424527,KMeans
25,2,4,208000,1000,25,1.2702717781066895,1083.5772627947863,BisectingKMeans
25,2,4,208000,1000,25,1.2369661331176758,6971.480116018289,GaussianMixture
50,2,4,208000,1000,25,2.7019476890563965,1083.5792056098683,KMeans
50,2,4,208000,1000,25,2.40655255317688,1083.5059407011352,BisectingKMeans
50,2,4,208000,1000,25,2.993349313735962,7017.896661170376,GaussianMixture
10,3,4,208000,1000,25,1.061328649520874,1044.331980816526,KMeans
10,3,4,208000,1000,25,1.0982239246368408,1053.105018635547,BisectingKMeans
10,3,4,208000,1000,25,0.6532273292541504,7470.6703128618265,GaussianMixture
25,3,4,208000,1000,25,1.5610318183898926,1041.5230779739518,KMeans
25,3,4,208000,1000,25,2.250387191772461,1051.7230098969085,BisectingKMeans
25,3,4,208000,1000,25,1.3827292919158936,7545.199725591725,GaussianMixture
50,3,4,208000,1000,25,8.357476472854614,945.013828596426,KMeans
50,3,4,208000,1000,25,6.60317063331604,957.4787555477224,BisectingKMeans
50,3,4,208000,1000,25,9.391968011856079,8194.795022643752,GaussianMixture
10,5,4,208000,1000,25,2.1108949184417725,888.0606631447787,KMeans
10,5,4,208000,1000,25,2.0004613399505615,913.7813685517183,BisectingKMeans
10,5,4,208000,1000,25,2.506429672241211,8613.075461907454,GaussianMixture
25,5,4,208000,1000,25,2.333531141281128,886.0916983791292,KMeans
25,5,4,208000,1000,25,3.677377462387085,907.6763827508938,BisectingKMeans
25,5,4,208000,1000,25,2.269280195236206,8690.355035121387,GaussianMixture
50,5,4,208000,1000,25,2.2762837409973145,886.0916983791292,KMeans
50,5,4,208000,1000,25,6.5019097328186035,902.6030520527676,BisectingKMeans
50,5,4,208000,1000,25,2.9083824157714844,8776.516390130546,GaussianMixture
10,2,4,128000,4000,3,1.6218924522399902,217.43843539926468,KMeans
10,2,4,128000,4000,3,0.9716751575469971,217.43802469268763,BisectingKMeans
10,2,4,128000,4000,3,0.911046028137207,5250.866783851711,GaussianMixture
25,2,4,128000,4000,3,1.3174967765808105,217.43802469268766,KMeans
25,2,4,128000,4000,3,1.3207082748413086,217.43802469268763,BisectingKMeans
25,2,4,128000,4000,3,1.5625338554382324,5256.8712529518025,GaussianMixture
50,2,4,128000,4000,3,1.470951795578003,217.43802469268766,KMeans
50,2,4,128000,4000,3,2.3762078285217285,217.43802469268763,BisectingKMeans
50,2,4,128000,4000,3,2.275958299636841,5257.391588203468,GaussianMixture
10,3,4,128000,4000,3,1.1073863506317139,172.2576786523907,KMeans
10,3,4,128000,4000,3,1.0716118812561035,194.81952213800025,BisectingKMeans
10,3,4,128000,4000,3,0.6645047664642334,5475.561117300572,GaussianMixture
25,3,4,128000,4000,3,0.8679201602935791,172.25767865239067,KMeans
25,3,4,128000,4000,3,2.2535507678985596,184.81549125949522,BisectingKMeans
25,3,4,128000,4000,3,1.469224214553833,5542.901741082292,GaussianMixture
50,3,4,128000,4000,3,0.9375066757202148,172.2576786523907,KMeans
50,3,4,128000,4000,3,4.234251022338867,184.81549125949516,BisectingKMeans
50,3,4,128000,4000,3,2.553178071975708,5571.809912349301,GaussianMixture
10,5,4,128000,4000,3,0.870495080947876,131.43300550813228,KMeans
10,5,4,128000,4000,3,1.3608505725860596,151.44222155679827,BisectingKMeans
10,5,4,128000,4000,3,0.6834168434143066,5742.628759102251,GaussianMixture
25,5,4,128000,4000,3,1.1301734447479248,131.4107730782437,KMeans
25,5,4,128000,4000,3,3.16961669921875,144.66063258487424,BisectingKMeans
25,5,4,128000,4000,3,1.3473546504974365,5838.344599785649,GaussianMixture
50,5,4,128000,4000,3,1.0930538177490234,131.4107730782437,KMeans
50,5,4,128000,4000,3,5.530878305435181,144.65938852878287,BisectingKMeans
50,5,4,128000,4000,3,2.51212739944458,5884.157815766295,GaussianMixture
10,2,4,192000,4000,5,0.9071438312530518,359.86904105894394,KMeans
10,2,4,192000,4000,5,0.7722978591918945,359.8687756838523,BisectingKMeans
10,2,4,192000,4000,5,0.9054701328277588,10341.482426276229,GaussianMixture
25,2,4,192000,4000,5,0.8435442447662354,359.86904105894394,KMeans
25,2,4,192000,4000,5,1.1408350467681885,359.86877568385233,BisectingKMeans
25,2,4,192000,4000,5,1.2712461948394775,10357.313122580068,GaussianMixture
50,2,4,192000,4000,5,0.940091609954834,359.8690410589439,KMeans
50,2,4,192000,4000,5,2.4265787601470947,359.8687756838523,BisectingKMeans
50,2,4,192000,4000,5,1.5667622089385986,10357.349208194528,GaussianMixture
10,3,4,192000,4000,5,0.9683594703674316,313.5913159007423,KMeans
10,3,4,192000,4000,5,0.9867286682128906,328.13835989906323,BisectingKMeans
10,3,4,192000,4000,5,0.6916112899780273,11210.4932747815,GaussianMixture
25,3,4,192000,4000,5,1.2627696990966797,313.5851527360983,KMeans
25,3,4,192000,4000,5,2.0752956867218018,328.08586721035033,BisectingKMeans
25,3,4,192000,4000,5,1.3380019664764404,11239.95560629856,GaussianMixture
50,3,4,192000,4000,5,1.3726627826690674,313.5851527360983,KMeans
50,3,4,192000,4000,5,3.770885705947876,328.0736716771558,BisectingKMeans
50,3,4,192000,4000,5,1.7466213703155518,11240.208356730953,GaussianMixture
10,5,4,192000,4000,5,0.848273754119873,273.1889787168138,KMeans
10,5,4,192000,4000,5,1.3273742198944092,281.5855603075919,BisectingKMeans
10,5,4,192000,4000,5,0.6050755977630615,11613.38593479268,GaussianMixture
25,5,4,192000,4000,5,1.527395248413086,268.7367572819044,KMeans
25,5,4,192000,4000,5,2.8758606910705566,281.8780117420125,BisectingKMeans
25,5,4,192000,4000,5,1.2740368843078613,11684.26135500938,GaussianMixture
50,5,4,192000,4000,5,2.5572757720947266,267.8974678241767,KMeans
50,5,4,192000,4000,5,5.328113317489624,281.8780117420125,BisectingKMeans
50,5,4,192000,4000,5,2.617537498474121,11702.573668647397,GaussianMixture
10,2,4,352000,4000,10,1.1143274307250977,1980.891557793659,KMeans
10,2,4,352000,4000,10,0.61039137840271,1983.4445486914942,BisectingKMeans
10,2,4,352000,4000,10,0.6345162391662598,7686.574063898952,GaussianMixture
25,2,4,352000,4000,10,1.5104973316192627,1978.2649599113793,KMeans
25,2,4,352000,4000,10,1.2395429611206055,1977.8973844185107,BisectingKMeans
25,2,4,352000,4000,10,1.3125956058502197,7723.7192533925045,GaussianMixture
50,2,4,352000,4000,10,1.3029460906982422,1978.2649599113793,KMeans
50,2,4,352000,4000,10,2.087606430053711,1977.8533722499906,BisectingKMeans
50,2,4,352000,4000,10,1.9106347560882568,7724.798287284925,GaussianMixture
10,3,4,352000,4000,10,0.6997449398040771,1831.4152707287385,KMeans
10,3,4,352000,4000,10,0.8906643390655518,1869.9072106734307,BisectingKMeans
10,3,4,352000,4000,10,0.560173749923706,8437.592781143854,GaussianMixture
25,3,4,352000,4000,10,1.332313060760498,1825.404787319617,KMeans
25,3,4,352000,4000,10,3.268822431564331,1855.9983875047578,BisectingKMeans
25,3,4,352000,4000,10,1.4788591861724854,8516.537897482322,GaussianMixture
50,3,4,352000,4000,10,2.6957411766052246,1822.8746596276812,KMeans
50,3,4,352000,4000,10,3.90609073638916,1853.31047631598,BisectingKMeans
50,3,4,352000,4000,10,2.18856143951416,8518.543003602128,GaussianMixture
10,5,4,352000,4000,10,0.962489128112793,1621.25173731656,KMeans
10,5,4,352000,4000,10,1.2609949111938477,1685.1255463853497,BisectingKMeans
10,5,4,352000,4000,10,0.6488313674926758,8791.560357629289,GaussianMixture
25,5,4,352000,4000,10,1.3860418796539307,1608.8863204842798,KMeans
25,5,4,352000,4000,10,2.732595205307007,1655.2950119907725,BisectingKMeans
25,5,4,352000,4000,10,1.2423596382141113,9036.842214579165,GaussianMixture
50,5,4,352000,4000,10,7.752466917037964,876.0123689014072,KMeans
50,5,4,352000,4000,10,9.888693571090698,909.5862152879292,BisectingKMeans
50,5,4,352000,4000,10,8.813968896865845,19741.825691806414,GaussianMixture
10,2,4,832000,4000,25,2.555241346359253,3459.8609193844377,KMeans
10,2,4,832000,4000,25,1.4072275161743164,3426.8982190754823,BisectingKMeans
10,2,4,832000,4000,25,3.0476126670837402,44988.74978886884,GaussianMixture
25,2,4,832000,4000,25,2.8203117847442627,3436.0002669466085,KMeans
25,2,4,832000,4000,25,2.0254454612731934,3419.379889096137,BisectingKMeans
25,2,4,832000,4000,25,2.5178775787353516,45178.85263018131,GaussianMixture
50,2,4,832000,4000,25,3.406475782394409,3435.031695120964,KMeans
50,2,4,832000,4000,25,2.944782257080078,3419.3798890961366,BisectingKMeans
50,2,4,832000,4000,25,3.7280120849609375,45194.05497929671,GaussianMixture
10,3,4,832000,4000,25,1.3878908157348633,3305.1845485353438,KMeans
10,3,4,832000,4000,25,1.2607111930847168,3299.8588718068277,BisectingKMeans
10,3,4,832000,4000,25,1.049020767211914,46507.94416045603,GaussianMixture
25,3,4,832000,4000,25,2.069580078125,3295.9346104489837,KMeans
25,3,4,832000,4000,25,2.6703391075134277,3292.245595602791,BisectingKMeans
25,3,4,832000,4000,25,2.006124973297119,46717.018857349736,GaussianMixture
50,3,4,832000,4000,25,3.616863250732422,3276.9198172634497,KMeans
50,3,4,832000,4000,25,4.703580856323242,3292.245595602791,BisectingKMeans
50,3,4,832000,4000,25,3.08781099319458,46754.20618353856,GaussianMixture
10,5,4,832000,4000,25,1.2709872722625732,3076.9429747128524,KMeans
10,5,4,832000,4000,25,1.6218006610870361,3111.275162853019,BisectingKMeans
10,5,4,832000,4000,25,0.9154891967773438,48361.88118052786,GaussianMixture
25,5,4,832000,4000,25,1.913639783859253,3068.215666980128,KMeans
25,5,4,832000,4000,25,3.8689398765563965,3100.433317687128,BisectingKMeans
25,5,4,832000,4000,25,1.7635071277618408,48810.852479793655,GaussianMixture
50,5,4,832000,4000,25,3.221503496170044,3065.3149087051765,KMeans
50,5,4,832000,4000,25,6.466408967971802,3100.433317687128,BisectingKMeans
50,5,4,832000,4000,25,3.255622386932373,48965.82823398169,GaussianMixture
